INFO 2026-01-23 00:36:19,628 autoreload Watching for file changes with StatReloader
WARNING 2026-01-23 00:36:23,699 base Session data corrupted
INFO 2026-01-23 00:36:23,761 log "GET / HTTP/1.1" 302 0
INFO 2026-01-23 00:36:23,832 log "GET /login/?next=/ HTTP/1.1" 200 5409
WARNING 2026-01-23 00:36:26,488 log "GET /favicon.ico HTTP/1.1" 404 4634
INFO 2026-01-23 00:36:37,417 log "POST /login/?next=/ HTTP/1.1" 200 5850
INFO 2026-01-23 00:36:59,705 log "POST /login/?next=/ HTTP/1.1" 200 5850
INFO 2026-01-23 00:39:23,199 autoreload Watching for file changes with StatReloader
INFO 2026-01-23 00:39:32,520 log "POST /login/?next=/ HTTP/1.1" 200 5850
WARNING 2026-01-23 00:39:42,677 base Session data corrupted
INFO 2026-01-23 00:39:42,723 basehttp - Broken pipe from ('127.0.0.1', 52481)
INFO 2026-01-23 00:39:42,923 log "POST /login/?next=/ HTTP/1.1" 302 0
INFO 2026-01-23 00:39:43,051 log "GET / HTTP/1.1" 200 23719
INFO 2026-01-23 00:39:43,106 log "GET /static/css/style.css HTTP/1.1" 200 13743
INFO 2026-01-23 00:39:52,763 log "GET /users/ HTTP/1.1" 200 54494
INFO 2026-01-23 00:40:02,582 log "GET /automation/templates/ HTTP/1.1" 200 17306
INFO 2026-01-23 00:40:04,465 log "GET /crm/pipeline/ HTTP/1.1" 200 20247
INFO 2026-01-23 00:40:06,680 log "GET /crm/stages/ HTTP/1.1" 200 19306
INFO 2026-01-23 00:40:09,624 log "GET /crm/sources/ HTTP/1.1" 200 16957
INFO 2026-01-23 00:40:12,103 log "GET /edu/groups/ HTTP/1.1" 200 32919
INFO 2026-01-23 00:40:16,098 log "GET /edu/courses/ HTTP/1.1" 200 17292
INFO 2026-01-23 00:40:18,019 log "GET /edu/rooms/ HTTP/1.1" 200 17526
INFO 2026-01-23 00:40:20,085 log "GET /edu/materials/ HTTP/1.1" 200 20699
ERROR 2026-01-23 00:40:26,604 log "GET /operations/lessons/ HTTP/1.1" 500 325433
ERROR 2026-01-23 00:40:30,823 log "GET /operations/lessons/ HTTP/1.1" 500 325433
INFO 2026-01-23 00:40:33,888 log "GET /operations/schedule/ HTTP/1.1" 200 22126
ERROR 2026-01-23 00:40:40,597 log "GET /operations/lessons/ HTTP/1.1" 500 325439
INFO 2026-01-23 00:40:54,113 log "GET /operations/ratings/teachers/ HTTP/1.1" 200 17146
INFO 2026-01-23 00:40:56,766 log "GET /operations/ratings/students/ HTTP/1.1" 200 17792
INFO 2026-01-23 00:40:58,518 log "GET /operations/shop/ HTTP/1.1" 200 17949
INFO 2026-01-23 00:41:01,627 log "GET /finance/accounts/ HTTP/1.1" 200 17411
INFO 2026-01-23 00:41:03,293 log "GET /finance/transactions/ HTTP/1.1" 200 21560
INFO 2026-01-23 00:41:05,835 log "GET /operations/shop/ HTTP/1.1" 200 17949
ERROR 2026-01-23 00:41:08,577 log "GET /operations/lessons/ HTTP/1.1" 500 325435
INFO 2026-01-23 00:41:36,079 log "GET /operations/schedule/ HTTP/1.1" 200 22126
INFO 2026-01-23 00:53:46,305 autoreload Watching for file changes with StatReloader
INFO 2026-01-23 00:53:51,616 log "GET /operations/schedule/ HTTP/1.1" 200 22126
ERROR 2026-01-23 00:53:54,135 log "GET /operations/lessons/ HTTP/1.1" 500 289019
ERROR 2026-01-23 00:54:07,883 log "GET /operations/lessons/ HTTP/1.1" 500 289156
INFO 2026-01-23 01:35:09,119 autoreload Watching for file changes with StatReloader
INFO 2026-01-23 01:35:57,907 log "GET /operations/lessons/ HTTP/1.1" 200 19302
INFO 2026-01-23 01:36:02,589 log "GET /operations/schedule/ HTTP/1.1" 200 22126
INFO 2026-01-23 01:36:04,882 log "GET /operations/schedule/ HTTP/1.1" 200 22126
INFO 2026-01-23 01:36:06,005 log "GET /operations/lessons/ HTTP/1.1" 200 19302
ERROR 2026-01-23 01:36:08,117 log "GET /operations/lessons/add/ HTTP/1.1" 500 121784
INFO 2026-01-23 01:36:13,927 log "GET /edu/groups/ HTTP/1.1" 200 32919
INFO 2026-01-23 01:36:23,048 log "GET /edu/courses/ HTTP/1.1" 200 17292
INFO 2026-01-23 01:36:24,320 log "GET /edu/groups/ HTTP/1.1" 200 32919
INFO 2026-01-23 01:37:10,716 log "GET /operations/lessons/ HTTP/1.1" 200 19302
ERROR 2026-01-23 01:37:12,869 log "GET /operations/lessons/add/ HTTP/1.1" 500 121784
INFO 2026-01-23 01:38:26,680 autoreload C:\Users\shona\PycharmProjects\Crmtizim\apps\operations\views.py changed, reloading.
INFO 2026-01-23 01:38:27,962 autoreload Watching for file changes with StatReloader
INFO 2026-01-23 01:49:52,494 autoreload C:\Users\shona\PycharmProjects\Crmtizim\apps\operations\views.py changed, reloading.
INFO 2026-01-23 01:49:53,660 autoreload Watching for file changes with StatReloader
INFO 2026-01-23 01:50:18,251 autoreload C:\Users\shona\PycharmProjects\Crmtizim\apps\operations\views.py changed, reloading.
INFO 2026-01-23 01:50:19,442 autoreload Watching for file changes with StatReloader
INFO 2026-01-23 01:51:16,847 autoreload Watching for file changes with StatReloader
INFO 2026-01-23 01:51:19,385 log "GET / HTTP/1.1" 200 23719
INFO 2026-01-23 01:51:23,794 log "GET /operations/lessons/ HTTP/1.1" 200 23238
WARNING 2026-01-23 01:51:32,769 log "GET /operations/lessons/5/start/ HTTP/1.1" 404 5050
INFO 2026-01-23 01:51:37,912 log "GET /operations/schedule/ HTTP/1.1" 200 39982
INFO 2026-01-23 01:51:47,752 log "GET /operations/lessons/ HTTP/1.1" 200 23238
INFO 2026-01-23 01:51:52,327 log "GET /operations/schedule/ HTTP/1.1" 200 39982
INFO 2026-01-23 01:52:07,535 log "GET /edu/groups/ HTTP/1.1" 200 32919
INFO 2026-01-23 01:52:09,572 log "GET /edu/groups/add/ HTTP/1.1" 200 24730
INFO 2026-01-23 01:52:41,337 log "POST /edu/groups/add/ HTTP/1.1" 302 0
INFO 2026-01-23 01:52:41,357 log "GET /edu/groups/ HTTP/1.1" 200 36466
INFO 2026-01-23 01:52:45,158 log "GET /operations/lessons/ HTTP/1.1" 200 23340
INFO 2026-01-23 01:52:49,680 log "GET /operations/lessons/ HTTP/1.1" 200 23340
INFO 2026-01-23 01:52:55,085 log "GET /operations/schedule/ HTTP/1.1" 200 46120
INFO 2026-01-23 01:54:01,297 log "GET /operations/schedule/?week=-1 HTTP/1.1" 200 46086
INFO 2026-01-23 01:54:03,069 log "GET /operations/schedule/?week=0 HTTP/1.1" 200 46120
INFO 2026-01-23 01:54:24,591 log "GET /operations/lessons/ HTTP/1.1" 200 23340
WARNING 2026-01-23 01:55:04,169 log "GET /operations/lessons/5/start/ HTTP/1.1" 404 5050
INFO 2026-01-23 01:56:28,546 autoreload C:\Users\shona\PycharmProjects\Crmtizim\apps\operations\views.py changed, reloading.
INFO 2026-01-23 01:56:28,820 autoreload C:\Users\shona\PycharmProjects\Crmtizim\apps\operations\views.py changed, reloading.
INFO 2026-01-23 01:56:30,152 autoreload Watching for file changes with StatReloader
INFO 2026-01-23 01:56:30,416 autoreload Watching for file changes with StatReloader
INFO 2026-01-23 01:57:41,141 autoreload C:\Users\shona\PycharmProjects\Crmtizim\apps\operations\views.py changed, reloading.
INFO 2026-01-23 01:57:41,179 autoreload C:\Users\shona\PycharmProjects\Crmtizim\apps\operations\views.py changed, reloading.
INFO 2026-01-23 01:57:43,375 autoreload Watching for file changes with StatReloader
INFO 2026-01-23 01:57:43,376 autoreload Watching for file changes with StatReloader
INFO 2026-01-23 01:58:54,172 log "GET / HTTP/1.1" 200 23719
INFO 2026-01-23 01:58:59,376 log "GET /operations/lessons/ HTTP/1.1" 200 23340
WARNING 2026-01-23 01:58:59,710 log "GET /favicon.ico HTTP/1.1" 404 4634
INFO 2026-01-23 01:59:03,912 log "GET /operations/schedule/ HTTP/1.1" 200 53659
INFO 2026-01-23 01:59:22,553 log "GET /operations/lessons/ HTTP/1.1" 200 23340
INFO 2026-01-23 01:59:24,350 log "GET /operations/lessons/5/start/ HTTP/1.1" 302 0
INFO 2026-01-23 01:59:24,399 log "GET /operations/lessons/5/attendance/ HTTP/1.1" 200 27746
INFO 2026-01-23 01:59:44,082 log "POST /operations/lessons/5/attendance/ HTTP/1.1" 302 0
INFO 2026-01-23 01:59:44,105 log "GET /operations/lessons/ HTTP/1.1" 200 24106
INFO 2026-01-23 01:59:49,487 log "GET /operations/lessons/5/attendance/ HTTP/1.1" 200 27285
INFO 2026-01-23 01:59:59,458 log "POST /operations/lessons/5/attendance/ HTTP/1.1" 302 0
INFO 2026-01-23 01:59:59,484 log "GET /operations/lessons/ HTTP/1.1" 200 24106
INFO 2026-01-23 02:00:02,593 log "GET /operations/schedule/ HTTP/1.1" 200 53659
INFO 2026-01-23 02:00:04,650 log "GET /operations/lessons/ HTTP/1.1" 200 23639
INFO 2026-01-23 02:00:08,417 log "GET /operations/schedule/ HTTP/1.1" 200 53659
INFO 2026-01-23 02:00:09,990 log "GET /operations/ratings/teachers/ HTTP/1.1" 200 17146
INFO 2026-01-23 02:00:11,616 log "GET /operations/ratings/students/ HTTP/1.1" 200 17792
INFO 2026-01-23 02:00:13,461 log "GET /operations/shop/ HTTP/1.1" 200 17949
INFO 2026-01-23 02:00:15,950 log "GET /finance/accounts/ HTTP/1.1" 200 17411
INFO 2026-01-23 02:00:18,298 log "GET /finance/reports/ HTTP/1.1" 200 18501
INFO 2026-01-23 02:02:15,228 log "GET /edu/groups/ HTTP/1.1" 200 35985
INFO 2026-01-23 02:02:18,038 log "GET /edu/rooms/ HTTP/1.1" 200 17526
INFO 2026-01-23 02:02:19,887 log "GET /edu/courses/ HTTP/1.1" 200 17292
INFO 2026-01-23 02:02:22,004 log "GET /operations/lessons/ HTTP/1.1" 200 23639
INFO 2026-01-23 02:10:08,800 log "GET /operations/lessons/ HTTP/1.1" 200 23639
INFO 2026-01-23 02:10:27,779 log "GET /operations/lessons/ HTTP/1.1" 200 23639
INFO 2026-01-23 02:10:28,752 log "GET /operations/lessons/ HTTP/1.1" 200 23639
INFO 2026-01-23 02:19:56,537 autoreload Watching for file changes with StatReloader
INFO 2026-01-23 02:20:03,772 log "GET /operations/lessons/ HTTP/1.1" 200 23540
INFO 2026-01-23 02:20:12,032 log "GET /operations/schedule/ HTTP/1.1" 200 53659
INFO 2026-01-23 02:20:15,040 log "GET /edu/materials/ HTTP/1.1" 200 20702
INFO 2026-01-23 02:20:23,595 log "GET /edu/materials/2/ HTTP/1.1" 200 19264
INFO 2026-01-23 02:20:27,430 log "GET /edu/materials/ HTTP/1.1" 200 20702
INFO 2026-01-23 02:39:39,467 autoreload Watching for file changes with StatReloader
INFO 2026-01-23 02:39:42,234 log "GET / HTTP/1.1" 200 23723
INFO 2026-01-23 02:39:54,755 log "GET / HTTP/1.1" 200 23723
INFO 2026-01-23 02:39:57,216 log "GET /crm/sources/ HTTP/1.1" 200 16957
INFO 2026-01-23 02:39:59,223 log "GET / HTTP/1.1" 200 23723
INFO 2026-01-23 02:40:02,116 log "GET /users/ HTTP/1.1" 200 54494
INFO 2026-01-23 02:40:09,785 log "GET /automation/templates/ HTTP/1.1" 200 17306
INFO 2026-01-23 02:40:11,771 log "GET /crm/pipeline/ HTTP/1.1" 200 20247
INFO 2026-01-23 02:40:14,601 log "GET /crm/stages/ HTTP/1.1" 200 19306
INFO 2026-01-23 02:40:16,286 log "GET /crm/pipeline/ HTTP/1.1" 200 20247
INFO 2026-01-23 02:40:18,517 log "GET /crm/stages/ HTTP/1.1" 200 19306
INFO 2026-01-23 02:40:20,717 log "GET /crm/sources/ HTTP/1.1" 200 16957
INFO 2026-01-23 02:40:23,065 log "GET /edu/groups/ HTTP/1.1" 200 35985
INFO 2026-01-23 02:40:26,856 log "GET /edu/groups/1/ HTTP/1.1" 200 24800
INFO 2026-01-23 02:40:36,053 log "GET /edu/groups/ HTTP/1.1" 200 35985
INFO 2026-01-23 02:40:40,155 log "GET /edu/groups/4/ HTTP/1.1" 200 21282
INFO 2026-01-23 02:40:49,485 log "GET /edu/groups/ HTTP/1.1" 200 35985
INFO 2026-01-23 02:40:52,221 log "GET /edu/groups/2/ HTTP/1.1" 200 21279
INFO 2026-01-23 02:40:55,017 log "GET /edu/groups/ HTTP/1.1" 200 35985
INFO 2026-01-23 02:40:59,892 log "GET /edu/groups/1/ HTTP/1.1" 200 24800
INFO 2026-01-23 02:41:06,936 log "GET /finance/students/8/payments/ HTTP/1.1" 200 19078
INFO 2026-01-23 02:41:10,312 log "GET /edu/courses/ HTTP/1.1" 200 17292
INFO 2026-01-23 02:41:11,991 log "GET /edu/groups/ HTTP/1.1" 200 35985
INFO 2026-01-23 02:41:14,499 log "GET /edu/groups/1/ HTTP/1.1" 200 24800
INFO 2026-01-23 02:41:20,031 log "GET /finance/students/8/payments/ HTTP/1.1" 200 19078
INFO 2026-01-23 02:41:28,389 log "GET /crm/sources/ HTTP/1.1" 200 16957
INFO 2026-01-23 02:41:29,591 log "GET /edu/groups/ HTTP/1.1" 200 35985
INFO 2026-01-23 02:41:31,225 log "GET /edu/courses/ HTTP/1.1" 200 17292
INFO 2026-01-23 02:41:33,957 log "GET /edu/rooms/ HTTP/1.1" 200 17526
INFO 2026-01-23 02:41:36,929 log "GET /edu/materials/ HTTP/1.1" 200 20704
INFO 2026-01-23 02:41:47,696 log "GET /edu/materials/categories/ HTTP/1.1" 200 18106
INFO 2026-01-23 02:41:50,675 log "GET /edu/materials/categories/add/ HTTP/1.1" 200 18630
INFO 2026-01-23 02:41:57,635 log "POST /edu/materials/categories/add/ HTTP/1.1" 302 0
INFO 2026-01-23 02:41:57,656 log "GET /edu/materials/categories/ HTTP/1.1" 200 19395
INFO 2026-01-23 02:42:05,456 log "GET /edu/materials/ HTTP/1.1" 200 20786
INFO 2026-01-23 02:42:08,079 log "GET /edu/materials/upload/ HTTP/1.1" 200 24636
INFO 2026-01-23 02:43:08,949 log "POST /edu/materials/upload/ HTTP/1.1" 302 0
INFO 2026-01-23 02:43:08,985 log "GET /edu/materials/ HTTP/1.1" 200 22463
INFO 2026-01-23 02:43:11,607 log "GET /edu/materials/2/ HTTP/1.1" 200 19218
INFO 2026-01-23 02:43:20,178 log "GET /edu/materials/3/ HTTP/1.1" 200 20090
INFO 2026-01-23 02:44:15,889 log "GET /edu/courses/ HTTP/1.1" 200 17292
INFO 2026-01-23 02:44:19,068 log "GET /operations/lessons/ HTTP/1.1" 200 23540
INFO 2026-01-23 02:44:27,498 log "GET /operations/lessons/5/attendance/ HTTP/1.1" 200 27166
INFO 2026-01-23 02:44:30,739 log "GET /operations/lessons/5/finish/ HTTP/1.1" 302 0
INFO 2026-01-23 02:44:30,777 log "GET /operations/lessons/ HTTP/1.1" 200 23974
INFO 2026-01-23 02:44:38,120 log "GET /operations/schedule/ HTTP/1.1" 200 53659
INFO 2026-01-23 02:44:47,504 log "GET /operations/lessons/ HTTP/1.1" 200 23508
INFO 2026-01-23 02:45:03,162 log "GET /operations/lessons/?date=2026-01-23&group=&status= HTTP/1.1" 200 26951
INFO 2026-01-23 02:45:11,904 log "GET /operations/lessons/?date=2026-01-24&group=&status= HTTP/1.1" 200 26951
INFO 2026-01-23 02:45:20,737 log "GET /operations/schedule/ HTTP/1.1" 200 53659
INFO 2026-01-23 02:45:26,686 log "GET /operations/schedule/?week=1 HTTP/1.1" 200 53624
INFO 2026-01-23 02:45:28,582 log "GET /operations/schedule/?week=0 HTTP/1.1" 200 53659
INFO 2026-01-23 02:45:32,924 log "GET /operations/ratings/teachers/ HTTP/1.1" 200 17146
INFO 2026-01-23 02:45:39,421 log "GET /operations/ratings/students/ HTTP/1.1" 200 17792
INFO 2026-01-23 02:45:41,341 log "GET /operations/shop/ HTTP/1.1" 200 17949
INFO 2026-01-23 02:45:49,513 log "GET /finance/accounts/ HTTP/1.1" 200 17411
INFO 2026-01-23 02:45:51,654 log "GET /operations/shop/ HTTP/1.1" 200 17949
INFO 2026-01-23 02:45:54,113 log "GET /operations/shop/history/ HTTP/1.1" 200 17606
INFO 2026-01-23 02:45:56,869 log "GET /operations/shop/ HTTP/1.1" 200 17949
INFO 2026-01-23 02:45:59,313 log "GET /operations/ratings/students/ HTTP/1.1" 200 17792
INFO 2026-01-23 02:46:02,280 log "GET /finance/accounts/ HTTP/1.1" 200 17411
INFO 2026-01-23 02:46:10,938 log "GET /finance/accounts/add/ HTTP/1.1" 200 18777
INFO 2026-01-23 02:46:23,010 log "POST /finance/accounts/add/ HTTP/1.1" 302 0
INFO 2026-01-23 02:46:23,038 log "GET /finance/accounts/ HTTP/1.1" 200 18333
INFO 2026-01-23 02:46:27,004 log "GET /finance/transactions/ HTTP/1.1" 200 21560
INFO 2026-01-23 02:46:32,257 log "GET /finance/transactions/income/ HTTP/1.1" 200 18882
INFO 2026-01-23 02:46:51,244 log "GET /finance/reports/ HTTP/1.1" 200 18501
ERROR 2026-01-23 02:46:57,656 log "GET /finance/payroll/ HTTP/1.1" 500 313327
ERROR 2026-01-23 02:47:44,740 log "GET /finance/payroll/ HTTP/1.1" 500 313327
INFO 2026-01-23 02:47:51,883 log "GET /finance/hr/attendance/ HTTP/1.1" 200 17830
INFO 2026-01-23 02:47:57,171 log "GET /finance/supplies/ HTTP/1.1" 200 26891
INFO 2026-01-23 02:48:07,631 log "GET /finance/supplies/?low_stock=1 HTTP/1.1" 200 26853
INFO 2026-01-23 02:48:13,684 log "GET /finance/receipts/pending/ HTTP/1.1" 200 19910
INFO 2026-01-23 02:48:16,119 log "GET /core/history/ HTTP/1.1" 200 71287
INFO 2026-01-23 02:48:49,659 log "GET /finance/receipts/pending/ HTTP/1.1" 200 19910
ERROR 2026-01-23 02:48:52,529 log "GET /finance/payroll/ HTTP/1.1" 500 313336
INFO 2026-01-23 02:48:58,693 log "GET /finance/reports/ HTTP/1.1" 200 18501
INFO 2026-01-23 02:49:02,841 log "GET /finance/transactions/ HTTP/1.1" 200 21560
INFO 2026-01-23 02:49:06,724 log "GET /finance/transactions/income/ HTTP/1.1" 200 18882
INFO 2026-01-23 02:49:12,339 log "GET /finance/transactions/ HTTP/1.1" 200 21560
INFO 2026-01-23 12:32:29,542 autoreload Watching for file changes with StatReloader
INFO 2026-01-23 12:33:06,213 autoreload Watching for file changes with StatReloader
INFO 2026-01-23 12:45:15,902 autoreload Watching for file changes with StatReloader
INFO 2026-01-23 12:47:11,508 log "GET / HTTP/1.1" 200 23849
INFO 2026-01-23 12:47:11,570 log "GET /static/css/style.css HTTP/1.1" 304 0
ERROR 2026-01-23 12:47:24,706 log "GET /finance/payroll/ HTTP/1.1" 500 314736
WARNING 2026-01-23 12:47:24,918 log "GET /favicon.ico HTTP/1.1" 404 4634
INFO 2026-01-23 13:00:04,394 autoreload Watching for file changes with StatReloader
INFO 2026-01-23 13:00:11,636 log "GET / HTTP/1.1" 200 23849
ERROR 2026-01-23 13:00:20,583 log "GET /finance/payroll/ HTTP/1.1" 500 205635
WARNING 2026-01-23 13:00:20,749 log "GET /favicon.ico HTTP/1.1" 404 4634
INFO 2026-01-23 13:02:10,212 autoreload C:\Users\shona\PycharmProjects\Crmtizim\apps\finance\payroll_views.py changed, reloading.
INFO 2026-01-23 13:02:14,759 autoreload Watching for file changes with StatReloader
INFO 2026-01-23 13:02:41,793 autoreload C:\Users\shona\PycharmProjects\Crmtizim\apps\operations\views.py changed, reloading.
INFO 2026-01-23 13:02:45,762 autoreload Watching for file changes with StatReloader
INFO 2026-01-23 13:03:22,471 autoreload C:\Users\shona\PycharmProjects\Crmtizim\apps\operations\views.py changed, reloading.
INFO 2026-01-23 13:03:23,710 autoreload Watching for file changes with StatReloader
INFO 2026-01-23 13:04:43,174 autoreload Watching for file changes with StatReloader
INFO 2026-01-23 13:05:03,171 autoreload C:\Users\shona\PycharmProjects\Crmtizim\apps\finance\payroll_views.py changed, reloading.
INFO 2026-01-23 13:05:03,310 autoreload C:\Users\shona\PycharmProjects\Crmtizim\apps\finance\payroll_views.py changed, reloading.
INFO 2026-01-23 13:05:04,215 autoreload Watching for file changes with StatReloader
INFO 2026-01-23 13:05:04,380 autoreload Watching for file changes with StatReloader
INFO 2026-01-23 13:09:48,229 autoreload C:\Users\shona\PycharmProjects\Crmtizim\apps\core\urls.py changed, reloading.
INFO 2026-01-23 13:09:48,238 autoreload C:\Users\shona\PycharmProjects\Crmtizim\apps\core\urls.py changed, reloading.
INFO 2026-01-23 13:09:49,522 autoreload Watching for file changes with StatReloader
INFO 2026-01-23 13:09:49,524 autoreload Watching for file changes with StatReloader
INFO 2026-01-23 13:11:59,207 autoreload Watching for file changes with StatReloader
INFO 2026-01-23 13:12:03,730 log "GET / HTTP/1.1" 200 23968
INFO 2026-01-23 13:12:11,331 log "GET /finance/payroll/ HTTP/1.1" 200 25871
ERROR 2026-01-23 13:12:18,880 log "GET /finance/payroll/3/calculate/?month=2026-01 HTTP/1.1" 500 172114
WARNING 2026-01-23 13:12:19,049 log "GET /favicon.ico HTTP/1.1" 404 4634
INFO 2026-01-23 13:12:32,429 log "GET /finance/reports/ HTTP/1.1" 200 18750
INFO 2026-01-23 13:12:36,498 log "GET / HTTP/1.1" 200 23968
INFO 2026-01-23 13:12:38,252 log "GET /users/ HTTP/1.1" 200 54743
INFO 2026-01-23 13:12:49,197 log "GET /finance/hr/attendance/ HTTP/1.1" 200 29044
INFO 2026-01-23 13:12:52,774 log "GET /finance/payroll/ HTTP/1.1" 200 27172
ERROR 2026-01-23 13:13:00,283 log "GET /finance/payroll/4/calculate/?month=2026-01 HTTP/1.1" 500 172149
INFO 2026-01-23 13:13:04,856 log "GET /finance/categories/ HTTP/1.1" 200 18658
INFO 2026-01-23 13:13:06,562 log "GET /finance/payroll/ HTTP/1.1" 200 28795
ERROR 2026-01-23 13:13:26,219 log "GET /finance/payroll/4/calculate/?month=2026-01 HTTP/1.1" 500 172166
ERROR 2026-01-23 13:13:31,492 log "GET /finance/payroll/6/calculate/?month=2026-01 HTTP/1.1" 500 172114
INFO 2026-01-23 13:16:22,214 autoreload C:\Users\shona\PycharmProjects\Crmtizim\apps\finance\payroll_views.py changed, reloading.
INFO 2026-01-23 13:16:22,548 autoreload C:\Users\shona\PycharmProjects\Crmtizim\apps\finance\payroll_views.py changed, reloading.
INFO 2026-01-23 13:16:23,066 autoreload C:\Users\shona\PycharmProjects\Crmtizim\apps\finance\payroll_views.py changed, reloading.
INFO 2026-01-23 13:16:24,290 autoreload Watching for file changes with StatReloader
INFO 2026-01-23 13:16:24,400 autoreload Watching for file changes with StatReloader
INFO 2026-01-23 13:16:24,721 autoreload Watching for file changes with StatReloader
INFO 2026-01-23 13:18:11,557 autoreload Watching for file changes with StatReloader
INFO 2026-01-23 13:18:14,201 log "GET / HTTP/1.1" 200 23968
INFO 2026-01-23 13:18:20,423 log "GET /finance/payroll/ HTTP/1.1" 200 30418
INFO 2026-01-23 13:18:23,680 log "GET /finance/payroll/7/calculate/?month=2026-01 HTTP/1.1" 200 23735
INFO 2026-01-23 13:19:01,839 log "POST /finance/payroll/7/calculate/?month=2026-01 HTTP/1.1" 302 0
INFO 2026-01-23 13:19:01,874 log "GET /finance/payroll/ HTTP/1.1" 200 33264
INFO 2026-01-23 13:19:13,569 log "GET /finance/payroll/7/calculate/?month=2026-01 HTTP/1.1" 200 23747
INFO 2026-01-23 13:19:18,802 log "GET /finance/payroll/ HTTP/1.1" 200 32775
INFO 2026-01-23 13:19:21,488 log "POST /finance/payroll/4/approve/ HTTP/1.1" 302 0
INFO 2026-01-23 13:19:21,512 log "GET /finance/payroll/ HTTP/1.1" 200 32958
INFO 2026-01-23 13:44:47,341 autoreload Watching for file changes with StatReloader
INFO 2026-01-23 13:44:51,201 log "GET / HTTP/1.1" 200 23968
INFO 2026-01-23 13:44:55,551 log "GET /finance/payroll/ HTTP/1.1" 200 32473
INFO 2026-01-23 13:45:04,520 log "GET /finance/payroll/5/calculate/?month=2026-01 HTTP/1.1" 200 23731
INFO 2026-01-23 13:45:10,788 log "GET /finance/reports/ HTTP/1.1" 200 18750
INFO 2026-01-23 13:45:14,177 log "GET / HTTP/1.1" 200 23968
INFO 2026-01-23 14:40:47,794 autoreload Watching for file changes with StatReloader
INFO 2026-01-23 14:44:17,646 autoreload Watching for file changes with StatReloader
INFO 2026-01-23 14:44:28,393 log "GET / HTTP/1.1" 200 23968
INFO 2026-01-23 14:44:35,419 log "GET / HTTP/1.1" 200 23968
INFO 2026-01-23 14:44:37,077 log "GET /users/ HTTP/1.1" 200 88419
INFO 2026-01-23 14:44:42,617 log "GET / HTTP/1.1" 200 23968
INFO 2026-01-23 14:44:46,248 log "GET /automation/templates/ HTTP/1.1" 200 17555
INFO 2026-01-23 14:44:48,015 log "GET /crm/pipeline/ HTTP/1.1" 200 20496
INFO 2026-01-23 14:44:49,655 log "GET /crm/stages/ HTTP/1.1" 200 19555
INFO 2026-01-23 14:44:52,251 log "GET /crm/sources/ HTTP/1.1" 200 17206
INFO 2026-01-23 14:44:54,676 log "GET /edu/groups/ HTTP/1.1" 200 36234
INFO 2026-01-23 14:44:56,813 log "GET /edu/courses/ HTTP/1.1" 200 17541
INFO 2026-01-23 14:44:58,712 log "GET /edu/rooms/ HTTP/1.1" 200 17775
INFO 2026-01-23 14:45:00,545 log "GET /edu/materials/ HTTP/1.1" 200 22309
WARNING 2026-01-23 14:45:00,990 log "GET /favicon.ico HTTP/1.1" 404 4634
INFO 2026-01-23 14:45:05,011 log "GET /operations/lessons/ HTTP/1.1" 200 29490
INFO 2026-01-23 14:45:10,956 log "GET /operations/schedule/ HTTP/1.1" 200 67875
INFO 2026-01-23 14:45:18,649 log "GET /operations/ratings/teachers/ HTTP/1.1" 200 17395
INFO 2026-01-23 14:45:21,669 log "GET /operations/ratings/students/ HTTP/1.1" 200 18041
INFO 2026-01-23 14:45:23,357 log "GET /operations/shop/ HTTP/1.1" 200 18198
INFO 2026-01-23 14:45:25,367 log "GET /finance/accounts/ HTTP/1.1" 200 18117
INFO 2026-01-23 14:45:26,040 log "GET /finance/accounts/ HTTP/1.1" 200 18117
INFO 2026-01-23 14:45:28,559 log "GET /finance/categories/ HTTP/1.1" 200 18658
INFO 2026-01-23 14:45:30,263 log "GET /finance/transactions/ HTTP/1.1" 200 22290
INFO 2026-01-23 14:45:31,803 log "GET /finance/categories/ HTTP/1.1" 200 18658
INFO 2026-01-23 14:45:38,975 log "GET /finance/transactions/ HTTP/1.1" 200 22290
INFO 2026-01-23 14:45:41,928 log "GET /finance/reports/ HTTP/1.1" 200 18750
INFO 2026-01-23 14:45:44,471 log "GET /finance/payroll/ HTTP/1.1" 200 36479
INFO 2026-01-23 14:45:47,935 log "GET /finance/hr/attendance/ HTTP/1.1" 200 37981
INFO 2026-01-23 14:45:50,146 log "GET /finance/supplies/ HTTP/1.1" 200 27140
INFO 2026-01-23 14:45:53,780 log "GET /finance/receipts/pending/ HTTP/1.1" 200 30445
WARNING 2026-01-23 14:45:59,582 services Notification template not found: PAYMENT_RECEIVED
INFO 2026-01-23 14:45:59,591 log "POST /finance/receipts/3/verify/ HTTP/1.1" 302 0
INFO 2026-01-23 14:45:59,615 log "GET /finance/transactions/ HTTP/1.1" 200 22751
INFO 2026-01-23 14:46:06,554 log "GET /finance/receipts/pending/ HTTP/1.1" 200 26869
WARNING 2026-01-23 14:46:08,630 services Notification template not found: PAYMENT_RECEIVED
INFO 2026-01-23 14:46:08,643 log "POST /finance/receipts/1/verify/ HTTP/1.1" 302 0
INFO 2026-01-23 14:46:08,674 log "GET /finance/transactions/ HTTP/1.1" 200 22751
ERROR 2026-01-23 14:46:13,018 log "GET /core/settings/ HTTP/1.1" 500 168332
INFO 2026-01-23 14:46:17,888 log "GET /core/history/ HTTP/1.1" 200 82304
ERROR 2026-01-23 14:46:22,766 log "GET /core/settings/ HTTP/1.1" 500 168324
INFO 2026-01-23 14:48:30,003 autoreload C:\Users\shona\PycharmProjects\Crmtizim\apps\users\urls.py changed, reloading.
INFO 2026-01-23 14:48:31,839 autoreload Watching for file changes with StatReloader
INFO 2026-01-23 16:25:27,032 autoreload C:\Users\shona\PycharmProjects\Crmtizim\apps\education\urls.py changed, reloading.
INFO 2026-01-23 16:25:28,907 autoreload Watching for file changes with StatReloader
INFO 2026-01-23 16:39:07,839 autoreload Watching for file changes with StatReloader
INFO 2026-01-23 16:40:09,829 autoreload Watching for file changes with StatReloader
ERROR 2026-01-23 16:40:21,145 log "GET / HTTP/1.1" 500 253713
ERROR 2026-01-23 16:40:28,513 log "GET / HTTP/1.1" 500 253850
ERROR 2026-01-23 16:42:22,550 log "GET / HTTP/1.1" 500 253852
INFO 2026-01-23 16:48:55,319 autoreload C:\Users\shona\PycharmProjects\Crmtizim\apps\education\urls.py changed, reloading.
INFO 2026-01-23 16:48:55,479 autoreload C:\Users\shona\PycharmProjects\Crmtizim\apps\education\urls.py changed, reloading.
INFO 2026-01-23 16:48:55,556 autoreload C:\Users\shona\PycharmProjects\Crmtizim\apps\education\urls.py changed, reloading.
INFO 2026-01-23 16:48:57,433 autoreload Watching for file changes with StatReloader
INFO 2026-01-23 16:48:57,456 autoreload Watching for file changes with StatReloader
INFO 2026-01-23 16:48:58,055 autoreload Watching for file changes with StatReloader
INFO 2026-01-23 16:50:31,714 autoreload Watching for file changes with StatReloader
INFO 2026-01-23 16:54:03,616 autoreload Watching for file changes with StatReloader
INFO 2026-01-23 16:54:06,566 log "GET / HTTP/1.1" 200 23974
INFO 2026-01-23 16:54:18,841 log "GET /users/ HTTP/1.1" 200 88404
INFO 2026-01-23 16:54:33,818 log "GET /users/?filter=debtors HTTP/1.1" 200 24289
INFO 2026-01-23 16:54:40,850 log "GET /users/?q=&role= HTTP/1.1" 200 88404
INFO 2026-01-23 16:54:57,227 log "GET /automation/templates/ HTTP/1.1" 200 17543
INFO 2026-01-23 16:55:02,008 log "GET /crm/pipeline/ HTTP/1.1" 200 20484
INFO 2026-01-23 16:55:03,938 log "GET /crm/stages/ HTTP/1.1" 200 19543
INFO 2026-01-23 16:55:06,160 log "GET /crm/sources/ HTTP/1.1" 200 17194
INFO 2026-01-23 16:55:10,785 log "GET /groups/ HTTP/1.1" 200 36186
INFO 2026-01-23 16:55:23,695 log "GET /courses/ HTTP/1.1" 200 17525
INFO 2026-01-23 16:55:28,921 log "GET /rooms/ HTTP/1.1" 200 17759
INFO 2026-01-23 16:55:30,816 log "GET /edu/materials/ HTTP/1.1" 200 22282
INFO 2026-01-23 16:55:34,533 log "GET /operations/lessons/ HTTP/1.1" 200 29473
INFO 2026-01-23 16:55:41,826 log "GET /operations/lessons/67/start/ HTTP/1.1" 302 0
INFO 2026-01-23 16:55:41,853 log "GET /operations/lessons/67/attendance/ HTTP/1.1" 200 20421
INFO 2026-01-23 16:55:46,200 log "GET /operations/lessons/ HTTP/1.1" 200 29540
INFO 2026-01-23 16:55:56,825 log "GET /operations/schedule/ HTTP/1.1" 200 67863
INFO 2026-01-23 16:57:07,862 log "GET /operations/ratings/teachers/ HTTP/1.1" 200 17383
INFO 2026-01-23 16:57:11,542 log "GET /operations/ratings/students/ HTTP/1.1" 200 18029
INFO 2026-01-23 16:57:17,311 log "GET /operations/shop/ HTTP/1.1" 200 18186
INFO 2026-01-23 16:57:20,245 log "GET /finance/accounts/ HTTP/1.1" 200 18105
INFO 2026-01-23 16:57:22,997 log "GET /finance/categories/ HTTP/1.1" 200 18646
INFO 2026-01-23 16:57:25,213 log "GET /finance/transactions/ HTTP/1.1" 200 22278
INFO 2026-01-23 16:57:29,571 log "GET /finance/categories/ HTTP/1.1" 200 18646
INFO 2026-01-23 16:57:31,953 log "GET /finance/payroll/ HTTP/1.1" 200 36467
INFO 2026-01-23 16:57:34,252 log "GET /finance/transactions/ HTTP/1.1" 200 22278
INFO 2026-01-23 16:57:35,868 log "GET /finance/categories/ HTTP/1.1" 200 18646
INFO 2026-01-23 16:57:37,818 log "GET /finance/categories/add/ HTTP/1.1" 200 18542
INFO 2026-01-23 16:57:50,445 log "POST /finance/categories/add/ HTTP/1.1" 302 0
INFO 2026-01-23 16:57:50,464 log "GET /finance/categories/ HTTP/1.1" 200 19381
INFO 2026-01-23 16:58:01,038 log "GET /finance/transactions/ HTTP/1.1" 200 22278
INFO 2026-01-23 16:58:06,304 log "GET /finance/transactions/income/ HTTP/1.1" 200 19129
INFO 2026-01-23 16:58:53,865 log "POST /finance/transactions/income/ HTTP/1.1" 302 0
INFO 2026-01-23 16:58:53,888 log "GET /finance/transactions/ HTTP/1.1" 200 24458
INFO 2026-01-23 16:58:59,145 log "GET /finance/transactions/4/confirm/ HTTP/1.1" 302 0
INFO 2026-01-23 16:58:59,166 log "GET /finance/transactions/ HTTP/1.1" 200 23903
INFO 2026-01-23 16:59:08,123 log "GET /finance/reports/ HTTP/1.1" 200 18738
INFO 2026-01-23 16:59:14,941 log "GET /finance/reports/ HTTP/1.1" 200 18738
INFO 2026-01-23 16:59:21,688 log "GET /finance/payroll/ HTTP/1.1" 200 36467
INFO 2026-01-23 16:59:28,384 log "GET /finance/payroll/12/calculate/?month=2026-01 HTTP/1.1" 200 23717
INFO 2026-01-23 16:59:33,107 log "GET /finance/hr/attendance/ HTTP/1.1" 200 37969
INFO 2026-01-23 16:59:41,663 log "GET /finance/supplies/ HTTP/1.1" 200 27128
INFO 2026-01-23 16:59:47,706 log "GET /finance/supplies/ HTTP/1.1" 200 27128
INFO 2026-01-23 16:59:50,075 log "GET /finance/receipts/pending/ HTTP/1.1" 200 23285
ERROR 2026-01-23 17:00:46,437 log "GET /core/settings/ HTTP/1.1" 500 167816
INFO 2026-01-23 17:00:51,247 log "GET / HTTP/1.1" 200 23974
INFO 2026-01-23 17:01:03,282 log "GET /operations/lessons/ HTTP/1.1" 200 29540
INFO 2026-01-23 17:01:10,499 log "GET /operations/lessons/67/attendance/ HTTP/1.1" 200 19956
INFO 2026-01-23 17:01:13,109 log "GET /operations/lessons/67/finish/ HTTP/1.1" 302 0
INFO 2026-01-23 17:01:13,137 log "GET /operations/lessons/ HTTP/1.1" 200 29974
INFO 2026-01-23 17:01:18,141 log "GET /operations/lessons/113/start/ HTTP/1.1" 302 0
INFO 2026-01-23 17:01:18,161 log "GET /operations/lessons/113/attendance/ HTTP/1.1" 200 27688
INFO 2026-01-23 17:01:21,163 log "GET /operations/lessons/113/finish/ HTTP/1.1" 302 0
INFO 2026-01-23 17:01:21,194 log "GET /operations/lessons/ HTTP/1.1" 200 30009
INFO 2026-01-23 17:01:24,219 log "GET /operations/lessons/7/start/ HTTP/1.1" 302 0
INFO 2026-01-23 17:01:24,250 log "GET /operations/lessons/7/attendance/ HTTP/1.1" 200 27643
INFO 2026-01-23 17:01:26,102 log "GET /operations/lessons/7/finish/ HTTP/1.1" 302 0
INFO 2026-01-23 17:01:26,132 log "GET /operations/lessons/ HTTP/1.1" 200 30044
INFO 2026-01-23 17:01:30,346 log "GET / HTTP/1.1" 200 23974
INFO 2026-01-23 17:01:35,499 log "GET / HTTP/1.1" 200 23974
INFO 2026-01-23 17:02:06,714 log "GET /operations/schedule/ HTTP/1.1" 200 67863
INFO 2026-01-23 17:02:10,493 log "GET /operations/ratings/teachers/ HTTP/1.1" 200 17383
INFO 2026-01-23 17:02:14,851 log "GET /operations/ratings/students/ HTTP/1.1" 200 18029
INFO 2026-01-23 17:02:17,214 log "GET /operations/ratings/teachers/ HTTP/1.1" 200 17383
INFO 2026-01-23 17:02:18,824 log "GET /operations/ratings/students/ HTTP/1.1" 200 18029
INFO 2026-01-23 17:02:20,075 log "GET /operations/shop/ HTTP/1.1" 200 18186
ERROR 2026-01-23 17:02:22,965 log "GET /core/settings/ HTTP/1.1" 500 167807
INFO 2026-01-23 17:04:22,938 autoreload C:\Users\shona\PycharmProjects\Crmtizim\apps\crm\urls.py changed, reloading.
INFO 2026-01-23 17:04:22,936 autoreload C:\Users\shona\PycharmProjects\Crmtizim\apps\crm\urls.py changed, reloading.
INFO 2026-01-23 17:04:22,950 autoreload C:\Users\shona\PycharmProjects\Crmtizim\apps\crm\urls.py changed, reloading.
INFO 2026-01-23 17:04:22,953 autoreload C:\Users\shona\PycharmProjects\Crmtizim\apps\crm\urls.py changed, reloading.
INFO 2026-01-23 17:04:23,251 autoreload C:\Users\shona\PycharmProjects\Crmtizim\apps\crm\urls.py changed, reloading.
INFO 2026-01-23 17:04:24,955 autoreload Watching for file changes with StatReloader
INFO 2026-01-23 17:04:24,956 autoreload Watching for file changes with StatReloader
INFO 2026-01-23 17:04:24,959 autoreload Watching for file changes with StatReloader
INFO 2026-01-23 17:13:14,272 autoreload Watching for file changes with StatReloader
ERROR 2026-01-23 17:16:36,860 log "GET / HTTP/1.1" 500 254199
INFO 2026-01-23 17:20:52,247 autoreload Watching for file changes with StatReloader
INFO 2026-01-23 17:23:12,239 autoreload Watching for file changes with StatReloader
INFO 2026-01-23 17:23:14,941 log "GET / HTTP/1.1" 200 23974
INFO 2026-01-23 17:23:22,262 log "GET /core/settings/ HTTP/1.1" 200 28621
ERROR 2026-01-23 17:29:51,370 log "GET /users/staff/ HTTP/1.1" 500 70016
INFO 2026-01-23 17:34:30,711 autoreload Watching for file changes with StatReloader
INFO 2026-01-23 17:35:04,555 log "GET /core/settings/ HTTP/1.1" 200 41086
ERROR 2026-01-23 17:35:28,015 log "GET /users/students/ HTTP/1.1" 500 70050
INFO 2026-01-23 17:35:32,747 log "GET /finance/categories/ HTTP/1.1" 200 18911
INFO 2026-01-23 17:35:38,958 log "GET /finance/payroll/ HTTP/1.1" 200 38090
ERROR 2026-01-23 17:35:42,687 log "GET /users/students/ HTTP/1.1" 500 70050
ERROR 2026-01-23 17:35:46,369 log "GET /users/staff/ HTTP/1.1" 500 70016
INFO 2026-01-23 17:35:50,347 log "GET /courses/ HTTP/1.1" 200 17525
INFO 2026-01-23 17:36:08,940 log "GET /finance/receipts/pending/ HTTP/1.1" 200 23285
INFO 2026-01-23 17:36:13,268 log "GET /core/settings/ HTTP/1.1" 200 41086
INFO 2026-01-23 17:40:09,244 autoreload Watching for file changes with StatReloader
INFO 2026-01-23 17:41:42,502 log "GET /core/settings/ HTTP/1.1" 200 47260
INFO 2026-01-23 17:52:42,214 autoreload Watching for file changes with StatReloader
INFO 2026-01-23 17:52:45,008 log "GET / HTTP/1.1" 200 23974
INFO 2026-01-23 17:52:50,507 log "GET /core/settings/ HTTP/1.1" 200 47260
INFO 2026-01-23 17:53:10,011 log "GET /groups/add/ HTTP/1.1" 200 24963
INFO 2026-01-23 17:53:16,793 log "GET /rooms/ HTTP/1.1" 200 17759
INFO 2026-01-23 17:53:21,418 log "GET /users/ HTTP/1.1" 200 88404
ERROR 2026-01-23 17:53:25,335 log "GET /users/teachers/ HTTP/1.1" 500 70050
ERROR 2026-01-23 17:53:33,473 log "GET /users/teachers/ HTTP/1.1" 500 70050
INFO 2026-01-23 17:54:07,354 log "GET /finance/reports/ HTTP/1.1" 200 18738
INFO 2026-01-23 17:54:17,103 log "GET /finance/transactions/income/ HTTP/1.1" 200 19129
INFO 2026-01-23 17:55:28,954 autoreload C:\Users\shona\PycharmProjects\Crmtizim\apps\users\views.py changed, reloading.
INFO 2026-01-23 17:55:28,976 autoreload C:\Users\shona\PycharmProjects\Crmtizim\apps\users\views.py changed, reloading.
INFO 2026-01-23 17:55:29,364 autoreload C:\Users\shona\PycharmProjects\Crmtizim\apps\users\views.py changed, reloading.
INFO 2026-01-23 17:55:29,604 autoreload C:\Users\shona\PycharmProjects\Crmtizim\apps\users\views.py changed, reloading.
INFO 2026-01-23 17:55:29,624 autoreload C:\Users\shona\PycharmProjects\Crmtizim\apps\users\views.py changed, reloading.
INFO 2026-01-23 17:55:29,888 autoreload C:\Users\shona\PycharmProjects\Crmtizim\apps\users\views.py changed, reloading.
INFO 2026-01-23 17:55:29,993 autoreload C:\Users\shona\PycharmProjects\Crmtizim\apps\users\views.py changed, reloading.
INFO 2026-01-23 17:55:30,000 autoreload C:\Users\shona\PycharmProjects\Crmtizim\apps\users\views.py changed, reloading.
INFO 2026-01-23 17:55:30,079 autoreload C:\Users\shona\PycharmProjects\Crmtizim\apps\users\views.py changed, reloading.
INFO 2026-01-23 17:55:29,997 autoreload C:\Users\shona\PycharmProjects\Crmtizim\apps\users\views.py changed, reloading.
INFO 2026-01-23 17:55:30,075 autoreload C:\Users\shona\PycharmProjects\Crmtizim\apps\users\views.py changed, reloading.
INFO 2026-01-23 17:55:33,415 autoreload Watching for file changes with StatReloader
INFO 2026-01-23 17:55:34,149 autoreload Watching for file changes with StatReloader
INFO 2026-01-23 17:55:34,793 autoreload Watching for file changes with StatReloader
INFO 2026-01-23 17:55:34,897 autoreload Watching for file changes with StatReloader
INFO 2026-01-23 17:55:34,938 autoreload Watching for file changes with StatReloader
INFO 2026-01-23 17:55:35,201 autoreload Watching for file changes with StatReloader
INFO 2026-01-23 17:55:35,205 autoreload Watching for file changes with StatReloader
INFO 2026-01-23 17:55:35,250 autoreload Watching for file changes with StatReloader
INFO 2026-01-23 17:55:35,356 autoreload Watching for file changes with StatReloader
INFO 2026-01-23 17:55:35,584 autoreload Watching for file changes with StatReloader
INFO 2026-01-23 17:55:36,089 autoreload Watching for file changes with StatReloader
INFO 2026-01-23 17:57:04,807 autoreload Watching for file changes with StatReloader
INFO 2026-01-23 17:57:07,191 log "GET / HTTP/1.1" 200 23974
INFO 2026-01-23 17:57:13,942 log "GET /core/settings/ HTTP/1.1" 200 47260
INFO 2026-01-23 17:57:19,039 log "GET /users/teachers/ HTTP/1.1" 200 47605
INFO 2026-01-23 17:57:47,974 log "GET /core/settings/ HTTP/1.1" 200 47260
INFO 2026-01-23 17:57:52,241 log "GET /crm/sources/ HTTP/1.1" 200 17194
INFO 2026-01-23 17:57:54,100 log "GET /groups/ HTTP/1.1" 200 36186
INFO 2026-01-23 17:57:56,749 log "GET /rooms/ HTTP/1.1" 200 17759
INFO 2026-01-23 18:07:28,732 autoreload Watching for file changes with StatReloader
INFO 2026-01-23 18:21:23,989 autoreload Watching for file changes with StatReloader
INFO 2026-01-23 18:21:29,376 log "GET / HTTP/1.1" 200 25587
INFO 2026-01-23 18:23:56,096 log "GET / HTTP/1.1" 200 25587
INFO 2026-01-23 18:23:58,461 log "GET / HTTP/1.1" 200 25587
INFO 2026-01-23 18:29:04,722 autoreload Watching for file changes with StatReloader
INFO 2026-01-23 18:33:49,847 autoreload Watching for file changes with StatReloader
INFO 2026-01-23 18:40:50,252 log "HEAD / HTTP/1.1" 302 0
INFO 2026-01-23 18:40:50,349 log "HEAD /login/?next=/ HTTP/1.1" 200 0
INFO 2026-01-23 18:41:05,749 log "GET /users/teachers/ HTTP/1.1" 302 0
INFO 2026-01-23 18:41:05,765 log "GET /login/?next=/users/teachers/ HTTP/1.1" 200 5409
INFO 2026-01-23 18:41:40,864 log "GET / HTTP/1.1" 302 0
INFO 2026-01-23 18:41:40,872 log "GET /login/?next=/ HTTP/1.1" 200 5409
INFO 2026-01-23 18:41:40,914 log "GET /users/ HTTP/1.1" 302 0
INFO 2026-01-23 18:41:40,919 log "GET /login/?next=/users/ HTTP/1.1" 200 5409
INFO 2026-01-23 18:41:40,951 log "GET /users/teachers/ HTTP/1.1" 302 0
INFO 2026-01-23 18:41:40,957 log "GET /login/?next=/users/teachers/ HTTP/1.1" 200 5409
INFO 2026-01-23 18:41:40,985 log "GET /users/students/ HTTP/1.1" 302 0
INFO 2026-01-23 18:41:40,989 log "GET /login/?next=/users/students/ HTTP/1.1" 200 5409
INFO 2026-01-23 18:41:41,027 log "GET /core/settings/ HTTP/1.1" 302 0
INFO 2026-01-23 18:41:41,032 log "GET /login/?next=/core/settings/ HTTP/1.1" 200 5409
INFO 2026-01-23 18:41:41,060 log "GET /finance/payroll/ HTTP/1.1" 302 0
INFO 2026-01-23 18:41:41,067 log "GET /login/?next=/finance/payroll/ HTTP/1.1" 200 5409
INFO 2026-01-23 18:43:06,520 log "GET / HTTP/1.1" 302 0
INFO 2026-01-23 18:43:06,529 log "GET /login/?next=/ HTTP/1.1" 200 5409
INFO 2026-01-23 18:43:06,560 log "GET /users/ HTTP/1.1" 302 0
INFO 2026-01-23 18:43:06,565 log "GET /login/?next=/users/ HTTP/1.1" 200 5409
INFO 2026-01-23 18:43:06,586 log "GET /users/teachers/ HTTP/1.1" 302 0
INFO 2026-01-23 18:43:06,592 log "GET /login/?next=/users/teachers/ HTTP/1.1" 200 5409
INFO 2026-01-23 18:43:06,624 log "GET /users/students/ HTTP/1.1" 302 0
INFO 2026-01-23 18:43:06,629 log "GET /login/?next=/users/students/ HTTP/1.1" 200 5409
INFO 2026-01-23 18:43:06,655 log "GET /core/settings/ HTTP/1.1" 302 0
INFO 2026-01-23 18:43:06,659 log "GET /login/?next=/core/settings/ HTTP/1.1" 200 5409
INFO 2026-01-23 18:43:06,692 log "GET /finance/payroll/ HTTP/1.1" 302 0
INFO 2026-01-23 18:43:06,698 log "GET /login/?next=/finance/payroll/ HTTP/1.1" 200 5409
INFO 2026-01-23 18:43:06,729 log "GET /finance/accounts/ HTTP/1.1" 302 0
INFO 2026-01-23 18:43:06,734 log "GET /login/?next=/finance/accounts/ HTTP/1.1" 200 5409
INFO 2026-01-23 18:43:06,768 log "GET /finance/categories/ HTTP/1.1" 302 0
INFO 2026-01-23 18:43:06,773 log "GET /login/?next=/finance/categories/ HTTP/1.1" 200 5409
INFO 2026-01-23 18:43:06,798 log "GET /finance/transactions/ HTTP/1.1" 302 0
INFO 2026-01-23 18:43:06,802 log "GET /login/?next=/finance/transactions/ HTTP/1.1" 200 5409
INFO 2026-01-23 18:43:06,826 log "GET /operations/lessons/ HTTP/1.1" 302 0
INFO 2026-01-23 18:43:06,830 log "GET /login/?next=/operations/lessons/ HTTP/1.1" 200 5409
INFO 2026-01-23 18:43:06,860 log "GET /operations/schedule/ HTTP/1.1" 302 0
INFO 2026-01-23 18:43:06,866 log "GET /login/?next=/operations/schedule/ HTTP/1.1" 200 5409
INFO 2026-01-23 18:44:00,183 autoreload Watching for file changes with StatReloader
INFO 2026-01-23 18:44:05,765 log "GET / HTTP/1.1" 200 25604
INFO 2026-01-23 18:44:17,155 log "GET /finance/hr/attendance/ HTTP/1.1" 200 39599
INFO 2026-01-23 18:44:19,724 log "GET /finance/supplies/ HTTP/1.1" 200 28758
INFO 2026-01-23 18:44:21,656 log "GET /finance/receipts/pending/ HTTP/1.1" 200 24915
INFO 2026-01-23 18:51:34,969 autoreload Watching for file changes with StatReloader
INFO 2026-01-23 18:54:31,293 log "GET / HTTP/1.1" 302 0
INFO 2026-01-23 18:54:31,307 log "GET /login/?next=/ HTTP/1.1" 200 5409
INFO 2026-01-23 18:54:51,741 log "GET / HTTP/1.1" 302 0
INFO 2026-01-23 18:54:51,746 log "GET /login/?next=/ HTTP/1.1" 200 5409
INFO 2026-01-23 19:02:19,162 autoreload Watching for file changes with StatReloader
INFO 2026-01-23 19:04:09,987 autoreload Watching for file changes with StatReloader
INFO 2026-01-23 19:04:19,319 log "GET / HTTP/1.1" 302 0
INFO 2026-01-23 19:04:19,332 log "GET /login/?next=/ HTTP/1.1" 200 5409
INFO 2026-01-23 19:06:32,722 autoreload Watching for file changes with StatReloader
INFO 2026-01-23 19:06:35,170 log "GET / HTTP/1.1" 200 25592
INFO 2026-01-23 19:06:47,049 log "GET /finance/accounts/ HTTP/1.1" 200 19723
INFO 2026-01-23 19:06:49,435 log "GET / HTTP/1.1" 200 25592
INFO 2026-01-23 19:06:52,569 log "GET /finance/receipts/pending/ HTTP/1.1" 200 24903
INFO 2026-01-23 19:16:04,650 autoreload Watching for file changes with StatReloader
INFO 2026-01-23 19:16:15,340 log "GET / HTTP/1.1" 302 0
INFO 2026-01-23 19:16:15,359 log "GET /login/?next=/ HTTP/1.1" 200 5409
INFO 2026-01-23 19:18:16,503 autoreload Watching for file changes with StatReloader
INFO 2026-01-23 19:18:20,137 log "GET / HTTP/1.1" 200 25732
INFO 2026-01-23 19:27:07,383 autoreload Watching for file changes with StatReloader
INFO 2026-01-23 19:29:11,305 log "GET / HTTP/1.1" 302 0
INFO 2026-01-23 19:29:11,318 log "GET /login/?next=/ HTTP/1.1" 200 5409
INFO 2026-01-23 19:29:42,768 log "GET / HTTP/1.1" 302 0
INFO 2026-01-23 19:29:42,776 log "GET /login/?next=/ HTTP/1.1" 200 5409
INFO 2026-01-23 19:29:42,820 log "GET /users/ HTTP/1.1" 302 0
INFO 2026-01-23 19:29:42,831 log "GET /login/?next=/users/ HTTP/1.1" 200 5409
INFO 2026-01-23 19:29:42,868 log "GET /finance/transactions/ HTTP/1.1" 302 0
INFO 2026-01-23 19:29:42,880 log "GET /login/?next=/finance/transactions/ HTTP/1.1" 200 5409
INFO 2026-01-23 19:29:42,939 log "GET /operations/schedule/ HTTP/1.1" 302 0
INFO 2026-01-23 19:29:42,949 log "GET /login/?next=/operations/schedule/ HTTP/1.1" 200 5409
INFO 2026-01-23 19:29:43,002 log "GET /core/settings/ HTTP/1.1" 302 0
INFO 2026-01-23 19:29:43,011 log "GET /login/?next=/core/settings/ HTTP/1.1" 200 5409
INFO 2026-01-23 19:30:34,741 autoreload Watching for file changes with StatReloader
INFO 2026-01-23 19:30:37,068 log "GET / HTTP/1.1" 200 25732
INFO 2026-01-23 19:30:44,534 log "GET /users/ HTTP/1.1" 200 90162
INFO 2026-01-23 19:30:46,259 log "GET /automation/templates/ HTTP/1.1" 200 19301
INFO 2026-01-23 19:30:47,916 log "GET /crm/pipeline/ HTTP/1.1" 200 22242
INFO 2026-01-23 19:30:49,842 log "GET / HTTP/1.1" 200 25732
INFO 2026-01-23 19:30:54,893 log "GET /automation/templates/ HTTP/1.1" 200 19301
INFO 2026-01-23 19:30:56,185 log "GET /users/ HTTP/1.1" 200 90162
INFO 2026-01-23 19:30:57,495 log "GET /crm/pipeline/ HTTP/1.1" 200 22242
INFO 2026-01-23 19:30:58,798 log "GET /crm/stages/ HTTP/1.1" 200 21301
INFO 2026-01-23 19:31:01,645 log "GET /crm/sources/ HTTP/1.1" 200 18952
INFO 2026-01-23 19:31:05,271 log "GET /groups/ HTTP/1.1" 200 37944
INFO 2026-01-23 19:32:02,831 log "GET /groups/ HTTP/1.1" 200 37944
INFO 2026-01-23 19:32:05,068 log "GET / HTTP/1.1" 200 25732
INFO 2026-01-23 19:39:27,998 log "GET / HTTP/1.1" 200 25732
INFO 2026-01-23 19:39:30,564 log "GET / HTTP/1.1" 200 25732
INFO 2026-01-23 19:43:38,689 log "GET / HTTP/1.1" 302 0
INFO 2026-01-23 19:43:38,702 log "GET /login/?next=/ HTTP/1.1" 200 5409
INFO 2026-01-23 19:43:38,794 log "GET /users/ HTTP/1.1" 302 0
INFO 2026-01-23 19:43:38,804 log "GET /login/?next=/users/ HTTP/1.1" 200 5409
INFO 2026-01-23 19:43:38,883 log "GET /finance/transactions/ HTTP/1.1" 302 0
INFO 2026-01-23 19:43:38,893 log "GET /login/?next=/finance/transactions/ HTTP/1.1" 200 5409
INFO 2026-01-23 19:43:38,946 log "GET /operations/lessons/ HTTP/1.1" 302 0
INFO 2026-01-23 19:43:38,956 log "GET /login/?next=/operations/lessons/ HTTP/1.1" 200 5409
INFO 2026-01-23 19:43:39,028 log "GET /operations/schedule/ HTTP/1.1" 302 0
INFO 2026-01-23 19:43:39,039 log "GET /login/?next=/operations/schedule/ HTTP/1.1" 200 5409
WARNING 2026-01-23 19:43:39,188 log "GET /education/groups/ HTTP/1.1" 404 10111
INFO 2026-01-23 19:43:39,272 log "GET /core/settings/ HTTP/1.1" 302 0
INFO 2026-01-23 19:43:39,280 log "GET /login/?next=/core/settings/ HTTP/1.1" 200 5409
WARNING 2026-01-23 19:43:53,070 log "GET /edu/groups/ HTTP/1.1" 404 10093
INFO 2026-01-23 19:44:49,796 autoreload Watching for file changes with StatReloader
INFO 2026-01-23 19:44:52,959 log "GET / HTTP/1.1" 200 25798
INFO 2026-01-23 19:53:57,935 log "GET / HTTP/1.1" 302 0
INFO 2026-01-23 19:53:57,960 log "GET /login/?next=/ HTTP/1.1" 200 5409
INFO 2026-01-23 19:53:58,028 log "GET /users/ HTTP/1.1" 302 0
INFO 2026-01-23 19:53:58,037 log "GET /login/?next=/users/ HTTP/1.1" 200 5409
INFO 2026-01-23 19:53:58,087 log "GET /finance/transactions/ HTTP/1.1" 302 0
INFO 2026-01-23 19:53:58,094 log "GET /login/?next=/finance/transactions/ HTTP/1.1" 200 5409
INFO 2026-01-23 19:53:58,123 log "GET /operations/lessons/ HTTP/1.1" 302 0
INFO 2026-01-23 19:53:58,133 log "GET /login/?next=/operations/lessons/ HTTP/1.1" 200 5409
INFO 2026-01-23 19:53:58,173 log "GET /core/settings/ HTTP/1.1" 302 0
INFO 2026-01-23 19:53:58,181 log "GET /login/?next=/core/settings/ HTTP/1.1" 200 5409
INFO 2026-01-23 20:03:50,821 log "GET / HTTP/1.1" 302 0
INFO 2026-01-23 20:03:50,837 log "GET /login/?next=/ HTTP/1.1" 200 5409
INFO 2026-01-23 20:03:50,905 log "GET /users/ HTTP/1.1" 302 0
INFO 2026-01-23 20:03:50,915 log "GET /login/?next=/users/ HTTP/1.1" 200 5409
INFO 2026-01-23 20:03:50,977 log "GET /finance/transactions/ HTTP/1.1" 302 0
INFO 2026-01-23 20:03:50,988 log "GET /login/?next=/finance/transactions/ HTTP/1.1" 200 5409
INFO 2026-01-23 20:03:51,052 log "GET /operations/lessons/ HTTP/1.1" 302 0
INFO 2026-01-23 20:03:51,061 log "GET /login/?next=/operations/lessons/ HTTP/1.1" 200 5409
INFO 2026-01-23 20:03:51,107 log "GET /core/settings/ HTTP/1.1" 302 0
INFO 2026-01-23 20:03:51,114 log "GET /login/?next=/core/settings/ HTTP/1.1" 200 5409
INFO 2026-01-23 20:03:51,172 log "GET /crm/pipeline/ HTTP/1.1" 302 0
INFO 2026-01-23 20:03:51,180 log "GET /login/?next=/crm/pipeline/ HTTP/1.1" 200 5409
INFO 2026-01-23 20:04:39,193 autoreload Watching for file changes with StatReloader
INFO 2026-01-23 20:04:43,314 log "GET / HTTP/1.1" 200 25574
INFO 2026-01-23 20:12:37,264 log "GET / HTTP/1.1" 302 0
INFO 2026-01-23 20:12:37,281 log "GET /login/?next=/ HTTP/1.1" 200 5409
INFO 2026-01-23 20:12:37,343 log "GET /users/ HTTP/1.1" 302 0
INFO 2026-01-23 20:12:37,353 log "GET /login/?next=/users/ HTTP/1.1" 200 5409
INFO 2026-01-23 20:12:37,402 log "GET /finance/transactions/ HTTP/1.1" 302 0
INFO 2026-01-23 20:12:37,415 log "GET /login/?next=/finance/transactions/ HTTP/1.1" 200 5409
INFO 2026-01-23 20:12:37,455 log "GET /operations/lessons/ HTTP/1.1" 302 0
INFO 2026-01-23 20:12:37,463 log "GET /login/?next=/operations/lessons/ HTTP/1.1" 200 5409
INFO 2026-01-23 20:12:37,499 log "GET /core/settings/ HTTP/1.1" 302 0
INFO 2026-01-23 20:12:37,506 log "GET /login/?next=/core/settings/ HTTP/1.1" 200 5409
INFO 2026-01-23 20:14:05,498 autoreload Watching for file changes with StatReloader
INFO 2026-01-23 20:14:09,228 log "GET / HTTP/1.1" 200 24109
INFO 2026-01-23 20:14:16,003 log "GET / HTTP/1.1" 200 24109
INFO 2026-01-23 20:14:18,071 log "GET /users/ HTTP/1.1" 200 88539
INFO 2026-01-23 20:14:19,850 log "GET /automation/templates/ HTTP/1.1" 200 17678
INFO 2026-01-23 20:14:22,464 log "GET /users/ HTTP/1.1" 200 88539
INFO 2026-01-23 20:18:07,979 log "GET / HTTP/1.1" 302 0
INFO 2026-01-23 20:18:07,988 log "GET /login/?next=/ HTTP/1.1" 200 5409
INFO 2026-01-23 20:18:08,042 log "GET /users/ HTTP/1.1" 302 0
INFO 2026-01-23 20:18:08,050 log "GET /login/?next=/users/ HTTP/1.1" 200 5409
INFO 2026-01-23 20:18:08,107 log "GET /finance/transactions/ HTTP/1.1" 302 0
INFO 2026-01-23 20:18:08,116 log "GET /login/?next=/finance/transactions/ HTTP/1.1" 200 5409
INFO 2026-01-23 20:18:08,166 log "GET /operations/lessons/ HTTP/1.1" 302 0
INFO 2026-01-23 20:18:08,175 log "GET /login/?next=/operations/lessons/ HTTP/1.1" 200 5409
INFO 2026-01-23 20:18:08,245 log "GET /core/settings/ HTTP/1.1" 302 0
INFO 2026-01-23 20:18:08,262 log "GET /login/?next=/core/settings/ HTTP/1.1" 200 5409
INFO 2026-01-23 20:18:08,320 log "GET /crm/pipeline/ HTTP/1.1" 302 0
INFO 2026-01-23 20:18:08,327 log "GET /login/?next=/crm/pipeline/ HTTP/1.1" 200 5409
INFO 2026-01-23 22:33:31,880 autoreload Watching for file changes with StatReloader
INFO 2026-01-23 22:33:36,578 log "GET / HTTP/1.1" 200 23932
INFO 2026-01-23 22:34:46,055 log "GET / HTTP/1.1" 200 23932
INFO 2026-01-23 22:34:51,390 log "GET /users/ HTTP/1.1" 200 88362
INFO 2026-01-23 22:34:52,963 log "GET /automation/templates/ HTTP/1.1" 200 17501
INFO 2026-01-23 22:34:55,502 log "GET /crm/pipeline/ HTTP/1.1" 200 20442
INFO 2026-01-23 22:34:59,980 log "GET /finance/hr/attendance/ HTTP/1.1" 200 37927
INFO 2026-01-23 22:35:03,355 log "GET /finance/supplies/ HTTP/1.1" 200 27086
INFO 2026-01-23 22:35:09,160 log "GET /finance/receipts/pending/ HTTP/1.1" 200 23243
INFO 2026-01-23 22:35:16,898 log "GET /core/settings/ HTTP/1.1" 200 47218
INFO 2026-01-23 22:35:22,455 log "GET /core/history/ HTTP/1.1" 200 101767
INFO 2026-01-23 22:39:12,296 log "GET /core/history/ HTTP/1.1" 302 0
INFO 2026-01-23 22:39:12,306 log "GET /login/?next=/core/history/ HTTP/1.1" 200 5409
INFO 2026-01-23 23:26:36,854 autoreload Watching for file changes with StatReloader
INFO 2026-01-23 23:26:42,684 log "GET / HTTP/1.1" 200 23932
INFO 2026-01-23 23:26:42,944 log "GET /static/css/style.css HTTP/1.1" 200 32875
INFO 2026-01-23 23:26:51,716 log "GET /users/ HTTP/1.1" 200 88362
INFO 2026-01-23 23:26:53,249 log "GET /automation/templates/ HTTP/1.1" 200 17501
INFO 2026-01-23 23:26:54,859 log "GET /crm/pipeline/ HTTP/1.1" 200 20442
INFO 2026-01-23 23:26:57,209 log "GET /crm/stages/ HTTP/1.1" 200 19501
INFO 2026-01-23 23:27:02,721 log "GET /crm/sources/ HTTP/1.1" 200 17152
INFO 2026-01-23 23:27:04,843 log "GET /groups/ HTTP/1.1" 200 36144
INFO 2026-01-23 23:27:07,577 log "GET /courses/ HTTP/1.1" 200 17483
INFO 2026-01-23 23:27:09,427 log "GET /rooms/ HTTP/1.1" 200 17717
INFO 2026-01-23 23:27:10,747 log "GET /edu/materials/ HTTP/1.1" 200 22240
WARNING 2026-01-23 23:27:11,114 log "GET /favicon.ico HTTP/1.1" 404 10093
INFO 2026-01-23 23:27:13,292 log "GET /operations/lessons/ HTTP/1.1" 200 30558
INFO 2026-01-23 23:27:17,133 log "GET /operations/schedule/ HTTP/1.1" 200 67821
INFO 2026-01-23 23:27:19,280 log "GET /operations/ratings/teachers/ HTTP/1.1" 200 17341
INFO 2026-01-23 23:27:22,766 log "GET /operations/ratings/teachers/ HTTP/1.1" 200 17341
INFO 2026-01-23 23:27:23,829 log "GET /operations/ratings/teachers/ HTTP/1.1" 200 17341
INFO 2026-01-23 23:27:26,015 log "GET /operations/ratings/students/ HTTP/1.1" 200 17987
INFO 2026-01-23 23:27:28,760 log "GET /operations/shop/ HTTP/1.1" 200 18144
INFO 2026-01-23 23:27:31,590 log "GET /finance/accounts/ HTTP/1.1" 200 18063
INFO 2026-01-23 23:27:33,630 log "GET /finance/categories/ HTTP/1.1" 200 18869
INFO 2026-01-23 23:27:36,163 log "GET /finance/transactions/ HTTP/1.1" 200 24359
INFO 2026-01-23 23:27:38,187 log "GET /finance/reports/ HTTP/1.1" 200 18696
INFO 2026-01-23 23:27:40,136 log "GET /finance/payroll/ HTTP/1.1" 200 38048
INFO 2026-01-23 23:27:42,037 log "GET /finance/hr/attendance/ HTTP/1.1" 200 37927
INFO 2026-01-23 23:27:44,657 log "GET /finance/supplies/ HTTP/1.1" 200 27086
INFO 2026-01-23 23:27:46,733 log "GET /finance/payroll/ HTTP/1.1" 200 38048
INFO 2026-01-23 23:27:48,192 log "GET /finance/reports/ HTTP/1.1" 200 18696
INFO 2026-01-23 23:28:04,495 log "GET /finance/transactions/ HTTP/1.1" 200 24359
INFO 2026-01-23 23:28:06,428 log "GET /finance/categories/ HTTP/1.1" 200 18869
INFO 2026-01-23 23:28:15,373 log "GET /finance/accounts/ HTTP/1.1" 200 18063
INFO 2026-01-23 23:28:18,554 log "GET /operations/shop/ HTTP/1.1" 200 18144
INFO 2026-01-23 23:28:19,837 log "GET /finance/accounts/ HTTP/1.1" 200 18063
INFO 2026-01-23 23:28:28,211 log "GET /operations/shop/ HTTP/1.1" 200 18144
INFO 2026-01-23 23:28:29,991 log "GET /operations/ratings/students/ HTTP/1.1" 200 17987
INFO 2026-01-23 23:28:31,971 log "GET /operations/ratings/teachers/ HTTP/1.1" 200 17341
INFO 2026-01-23 23:28:42,222 log "GET /operations/schedule/ HTTP/1.1" 200 67821
INFO 2026-01-23 23:28:43,638 log "GET /operations/lessons/ HTTP/1.1" 200 30558
INFO 2026-01-23 23:28:45,563 log "GET /edu/materials/ HTTP/1.1" 200 22240
INFO 2026-01-23 23:28:47,045 log "GET /courses/ HTTP/1.1" 200 17483
INFO 2026-01-23 23:28:49,632 log "GET /rooms/ HTTP/1.1" 200 17717
INFO 2026-01-23 23:28:51,764 log "GET /courses/ HTTP/1.1" 200 17483
INFO 2026-01-23 23:28:53,192 log "GET /rooms/ HTTP/1.1" 200 17717
INFO 2026-01-23 23:29:04,811 log "GET /courses/ HTTP/1.1" 200 17483
INFO 2026-01-23 23:29:18,737 log "GET /groups/ HTTP/1.1" 200 36144
INFO 2026-01-23 23:29:20,981 log "GET /crm/sources/ HTTP/1.1" 200 17152
INFO 2026-01-23 23:29:22,246 log "GET /crm/stages/ HTTP/1.1" 200 19501
INFO 2026-01-23 23:29:23,749 log "GET /crm/pipeline/ HTTP/1.1" 200 20442
INFO 2026-01-23 23:35:14,318 log "GET /finance/reports/ HTTP/1.1" 302 0
INFO 2026-01-23 23:35:14,342 log "GET /login/?next=/finance/reports/ HTTP/1.1" 200 5409
INFO 2026-01-23 23:35:14,388 log "GET /finance/categories/ HTTP/1.1" 302 0
INFO 2026-01-23 23:35:14,395 log "GET /login/?next=/finance/categories/ HTTP/1.1" 200 5409
INFO 2026-01-23 23:35:14,432 log "GET /finance/accounts/ HTTP/1.1" 302 0
INFO 2026-01-23 23:35:14,440 log "GET /login/?next=/finance/accounts/ HTTP/1.1" 200 5409
INFO 2026-01-23 23:35:14,479 log "GET /operations/ratings/teachers/ HTTP/1.1" 302 0
INFO 2026-01-23 23:35:14,485 log "GET /login/?next=/operations/ratings/teachers/ HTTP/1.1" 200 5409
INFO 2026-01-23 23:35:14,510 log "GET /rooms/ HTTP/1.1" 302 0
INFO 2026-01-23 23:35:14,516 log "GET /login/?next=/rooms/ HTTP/1.1" 200 5409
INFO 2026-01-23 23:35:14,550 log "GET /courses/ HTTP/1.1" 302 0
INFO 2026-01-23 23:35:14,555 log "GET /login/?next=/courses/ HTTP/1.1" 200 5409
INFO 2026-01-23 23:35:35,541 autoreload Watching for file changes with StatReloader
INFO 2026-01-23 23:35:38,989 log "GET / HTTP/1.1" 200 23932
INFO 2026-01-23 23:35:41,765 log "GET /users/ HTTP/1.1" 200 88362
INFO 2026-01-23 23:35:43,022 log "GET /automation/templates/ HTTP/1.1" 200 17501
INFO 2026-01-23 23:35:45,275 log "GET /crm/stages/ HTTP/1.1" 200 19501
INFO 2026-01-23 23:35:46,992 log "GET /crm/sources/ HTTP/1.1" 200 17152
INFO 2026-01-23 23:35:48,962 log "GET /groups/ HTTP/1.1" 200 36144
INFO 2026-01-23 23:35:51,388 log "GET /courses/ HTTP/1.1" 200 17920
INFO 2026-01-23 23:35:53,156 log "GET /groups/ HTTP/1.1" 200 36144
INFO 2026-01-23 23:35:59,699 log "GET /courses/ HTTP/1.1" 200 17920
INFO 2026-01-23 23:36:01,284 log "GET /edu/materials/ HTTP/1.1" 200 22240
INFO 2026-01-23 23:36:03,194 log "GET /rooms/ HTTP/1.1" 200 17839
INFO 2026-01-23 23:36:05,285 log "GET /operations/lessons/ HTTP/1.1" 200 30558
INFO 2026-01-23 23:36:08,333 log "GET /operations/schedule/ HTTP/1.1" 200 67821
INFO 2026-01-23 23:36:10,864 log "GET /operations/ratings/teachers/ HTTP/1.1" 200 17370
INFO 2026-01-23 23:36:12,555 log "GET /operations/ratings/students/ HTTP/1.1" 200 17987
INFO 2026-01-23 23:36:13,925 log "GET /operations/shop/ HTTP/1.1" 200 18144
INFO 2026-01-23 23:36:16,189 log "GET /finance/accounts/ HTTP/1.1" 200 18149
INFO 2026-01-23 23:36:18,204 log "GET /finance/categories/ HTTP/1.1" 200 19013
INFO 2026-01-23 23:36:20,254 log "GET /finance/transactions/ HTTP/1.1" 200 24359
INFO 2026-01-23 23:36:21,795 log "GET /finance/reports/ HTTP/1.1" 200 18917
INFO 2026-01-23 23:36:23,226 log "GET /finance/payroll/ HTTP/1.1" 200 38048
INFO 2026-01-23 23:36:25,171 log "GET /finance/hr/attendance/ HTTP/1.1" 200 37927
INFO 2026-01-23 23:36:26,808 log "GET /finance/supplies/ HTTP/1.1" 200 27086
INFO 2026-01-23 23:36:29,896 log "GET /finance/receipts/pending/ HTTP/1.1" 200 23243
WARNING 2026-01-23 23:36:32,514 services Notification template not found: PAYMENT_RECEIVED
INFO 2026-01-23 23:36:32,524 log "POST /finance/receipts/2/verify/ HTTP/1.1" 302 0
INFO 2026-01-23 23:36:32,547 log "GET /finance/transactions/ HTTP/1.1" 200 24842
INFO 2026-01-23 23:36:36,947 log "GET /finance/receipts/pending/ HTTP/1.1" 200 20105
INFO 2026-01-23 23:36:38,397 log "GET /core/settings/ HTTP/1.1" 200 47218
INFO 2026-01-23 23:36:49,998 log "GET /core/history/ HTTP/1.1" 200 95817
INFO 2026-01-23 23:37:04,192 log "GET /users/ HTTP/1.1" 200 88362
INFO 2026-01-23 23:37:06,566 log "GET / HTTP/1.1" 200 23932
INFO 2026-01-23 23:37:10,135 log "GET /users/students/add/ HTTP/1.1" 200 26571
ERROR 2026-01-23 23:37:49,767 log "POST /users/students/add/ HTTP/1.1" 500 101793
INFO 2026-01-23 23:41:41,601 autoreload C:\Users\shona\PycharmProjects\Crmtizim\apps\users\views.py changed, reloading.
INFO 2026-01-23 23:41:41,565 autoreload C:\Users\shona\PycharmProjects\Crmtizim\apps\users\views.py changed, reloading.
INFO 2026-01-23 23:41:41,608 autoreload C:\Users\shona\PycharmProjects\Crmtizim\apps\users\views.py changed, reloading.
INFO 2026-01-23 23:41:41,642 autoreload C:\Users\shona\PycharmProjects\Crmtizim\apps\crm\views.py changed, reloading.
INFO 2026-01-23 23:41:41,695 autoreload C:\Users\shona\PycharmProjects\Crmtizim\apps\crm\views.py changed, reloading.
INFO 2026-01-23 23:41:41,699 autoreload C:\Users\shona\PycharmProjects\Crmtizim\apps\users\views.py changed, reloading.
INFO 2026-01-23 23:41:41,697 autoreload C:\Users\shona\PycharmProjects\Crmtizim\apps\crm\views.py changed, reloading.
INFO 2026-01-23 23:41:41,717 autoreload C:\Users\shona\PycharmProjects\Crmtizim\apps\crm\views.py changed, reloading.
INFO 2026-01-23 23:41:41,765 autoreload C:\Users\shona\PycharmProjects\Crmtizim\apps\crm\views.py changed, reloading.
INFO 2026-01-23 23:41:41,978 autoreload C:\Users\shona\PycharmProjects\Crmtizim\apps\crm\views.py changed, reloading.
INFO 2026-01-23 23:41:42,901 autoreload C:\Users\shona\PycharmProjects\Crmtizim\apps\users\views.py changed, reloading.
INFO 2026-01-23 23:41:42,953 autoreload C:\Users\shona\PycharmProjects\Crmtizim\apps\crm\views.py changed, reloading.
INFO 2026-01-23 23:41:42,987 autoreload C:\Users\shona\PycharmProjects\Crmtizim\apps\crm\views.py changed, reloading.
INFO 2026-01-23 23:41:48,406 autoreload Watching for file changes with StatReloader
INFO 2026-01-23 23:41:51,276 autoreload Watching for file changes with StatReloader
INFO 2026-01-23 23:41:51,676 autoreload Watching for file changes with StatReloader
INFO 2026-01-23 23:41:52,533 autoreload Watching for file changes with StatReloader
INFO 2026-01-23 23:41:52,570 autoreload Watching for file changes with StatReloader
INFO 2026-01-23 23:41:52,752 autoreload Watching for file changes with StatReloader
INFO 2026-01-23 23:41:53,272 autoreload Watching for file changes with StatReloader
INFO 2026-01-23 23:41:53,308 autoreload Watching for file changes with StatReloader
INFO 2026-01-23 23:41:53,374 autoreload Watching for file changes with StatReloader
INFO 2026-01-23 23:41:53,948 autoreload Watching for file changes with StatReloader
INFO 2026-01-23 23:41:54,201 autoreload Watching for file changes with StatReloader
INFO 2026-01-23 23:41:54,229 autoreload Watching for file changes with StatReloader
INFO 2026-01-23 23:41:54,239 autoreload Watching for file changes with StatReloader
INFO 2026-01-23 23:45:50,394 autoreload Watching for file changes with StatReloader
INFO 2026-01-23 23:45:54,730 log "GET / HTTP/1.1" 200 24476
INFO 2026-01-23 23:46:00,479 log "GET /users/ HTTP/1.1" 200 88362
INFO 2026-01-23 23:46:07,172 log "GET / HTTP/1.1" 200 23932
INFO 2026-01-23 23:46:08,819 log "GET /users/students/add/ HTTP/1.1" 200 26571
INFO 2026-01-23 23:46:29,637 log "POST /users/students/add/ HTTP/1.1" 200 27715
INFO 2026-01-23 23:46:42,037 log "POST /users/students/add/ HTTP/1.1" 302 0
INFO 2026-01-23 23:46:42,165 log "GET /users/ HTTP/1.1" 200 92514
WARNING 2026-01-23 23:46:57,637 log "GET /logout/ HTTP/1.1" 405 0
WARNING 2026-01-23 23:47:00,803 log "GET /logout/ HTTP/1.1" 405 0
INFO 2026-01-23 23:51:23,086 autoreload C:\Users\shona\PycharmProjects\Crmtizim\config\urls.py changed, reloading.
INFO 2026-01-23 23:51:23,119 autoreload C:\Users\shona\PycharmProjects\Crmtizim\config\urls.py changed, reloading.
INFO 2026-01-23 23:51:23,201 autoreload C:\Users\shona\PycharmProjects\Crmtizim\config\urls.py changed, reloading.
INFO 2026-01-23 23:51:23,403 autoreload C:\Users\shona\PycharmProjects\Crmtizim\config\urls.py changed, reloading.
INFO 2026-01-23 23:51:23,401 autoreload C:\Users\shona\PycharmProjects\Crmtizim\config\urls.py changed, reloading.
INFO 2026-01-23 23:51:23,852 autoreload C:\Users\shona\PycharmProjects\Crmtizim\config\urls.py changed, reloading.
INFO 2026-01-23 23:51:23,919 autoreload C:\Users\shona\PycharmProjects\Crmtizim\config\urls.py changed, reloading.
INFO 2026-01-23 23:51:23,886 autoreload C:\Users\shona\PycharmProjects\Crmtizim\config\urls.py changed, reloading.
INFO 2026-01-23 23:51:23,921 autoreload C:\Users\shona\PycharmProjects\Crmtizim\config\urls.py changed, reloading.
INFO 2026-01-23 23:51:24,054 autoreload C:\Users\shona\PycharmProjects\Crmtizim\config\urls.py changed, reloading.
INFO 2026-01-23 23:51:24,068 autoreload C:\Users\shona\PycharmProjects\Crmtizim\config\urls.py changed, reloading.
INFO 2026-01-23 23:51:24,066 autoreload C:\Users\shona\PycharmProjects\Crmtizim\config\urls.py changed, reloading.
INFO 2026-01-23 23:51:24,068 autoreload C:\Users\shona\PycharmProjects\Crmtizim\config\urls.py changed, reloading.
INFO 2026-01-23 23:51:24,072 autoreload C:\Users\shona\PycharmProjects\Crmtizim\config\urls.py changed, reloading.
INFO 2026-01-23 23:51:31,067 autoreload Watching for file changes with StatReloader
INFO 2026-01-23 23:51:32,184 autoreload Watching for file changes with StatReloader
INFO 2026-01-23 23:51:32,304 autoreload Watching for file changes with StatReloader
INFO 2026-01-23 23:51:32,413 autoreload Watching for file changes with StatReloader
INFO 2026-01-23 23:51:33,094 autoreload Watching for file changes with StatReloader
INFO 2026-01-23 23:51:36,251 autoreload Watching for file changes with StatReloader
INFO 2026-01-23 23:51:37,279 autoreload Watching for file changes with StatReloader
INFO 2026-01-23 23:51:37,346 autoreload Watching for file changes with StatReloader
INFO 2026-01-23 23:51:39,237 autoreload Watching for file changes with StatReloader
INFO 2026-01-23 23:51:39,898 autoreload Watching for file changes with StatReloader
INFO 2026-01-23 23:51:40,647 autoreload Watching for file changes with StatReloader
INFO 2026-01-23 23:51:40,930 autoreload Watching for file changes with StatReloader
INFO 2026-01-23 23:51:41,327 autoreload Watching for file changes with StatReloader
INFO 2026-01-23 23:51:41,603 autoreload Watching for file changes with StatReloader
WARNING 2026-01-23 23:53:23,752 log "GET /logout/ HTTP/1.1" 405 0
INFO 2026-01-23 23:54:31,667 autoreload C:\Users\shona\PycharmProjects\Crmtizim\apps\core\views.py changed, reloading.
INFO 2026-01-23 23:54:31,769 autoreload C:\Users\shona\PycharmProjects\Crmtizim\apps\core\views.py changed, reloading.
INFO 2026-01-23 23:54:31,773 autoreload C:\Users\shona\PycharmProjects\Crmtizim\apps\core\views.py changed, reloading.
INFO 2026-01-23 23:54:32,193 autoreload C:\Users\shona\PycharmProjects\Crmtizim\apps\core\views.py changed, reloading.
INFO 2026-01-23 23:54:32,219 autoreload C:\Users\shona\PycharmProjects\Crmtizim\apps\core\views.py changed, reloading.
INFO 2026-01-23 23:54:32,410 autoreload C:\Users\shona\PycharmProjects\Crmtizim\apps\core\views.py changed, reloading.
INFO 2026-01-23 23:54:32,429 autoreload C:\Users\shona\PycharmProjects\Crmtizim\apps\core\views.py changed, reloading.
INFO 2026-01-23 23:54:32,422 autoreload C:\Users\shona\PycharmProjects\Crmtizim\config\urls.py changed, reloading.
INFO 2026-01-23 23:54:32,704 autoreload C:\Users\shona\PycharmProjects\Crmtizim\config\urls.py changed, reloading.
INFO 2026-01-23 23:54:32,837 autoreload C:\Users\shona\PycharmProjects\Crmtizim\config\urls.py changed, reloading.
INFO 2026-01-23 23:54:32,839 autoreload C:\Users\shona\PycharmProjects\Crmtizim\apps\core\views.py changed, reloading.
INFO 2026-01-23 23:54:32,844 autoreload C:\Users\shona\PycharmProjects\Crmtizim\apps\core\views.py changed, reloading.
INFO 2026-01-23 23:54:32,844 autoreload C:\Users\shona\PycharmProjects\Crmtizim\apps\core\views.py changed, reloading.
INFO 2026-01-23 23:54:37,751 autoreload Watching for file changes with StatReloader
INFO 2026-01-23 23:54:37,886 autoreload Watching for file changes with StatReloader
INFO 2026-01-23 23:54:37,888 autoreload Watching for file changes with StatReloader
INFO 2026-01-23 23:54:37,889 autoreload Watching for file changes with StatReloader
INFO 2026-01-23 23:54:37,893 autoreload Watching for file changes with StatReloader
INFO 2026-01-23 23:54:38,218 autoreload Watching for file changes with StatReloader
INFO 2026-01-23 23:54:38,565 autoreload Watching for file changes with StatReloader
INFO 2026-01-23 23:54:39,413 autoreload Watching for file changes with StatReloader
INFO 2026-01-23 23:54:41,629 autoreload Watching for file changes with StatReloader
INFO 2026-01-23 23:54:43,325 autoreload Watching for file changes with StatReloader
INFO 2026-01-23 23:54:44,609 autoreload Watching for file changes with StatReloader
INFO 2026-01-23 23:54:44,698 autoreload Watching for file changes with StatReloader
INFO 2026-01-23 23:54:45,411 autoreload Watching for file changes with StatReloader
INFO 2026-01-23 23:54:45,438 autoreload Watching for file changes with StatReloader
INFO 2026-01-23 23:55:02,596 log "GET /logout/ HTTP/1.1" 200 4766
INFO 2026-01-23 23:55:22,071 log "GET /logout/ HTTP/1.1" 200 4766
INFO 2026-01-23 23:56:11,326 autoreload Watching for file changes with StatReloader
INFO 2026-01-23 23:56:14,016 log "GET / HTTP/1.1" 200 23932
INFO 2026-01-23 23:56:14,097 log "GET /static/css/style.css HTTP/1.1" 304 0
INFO 2026-01-23 23:56:19,278 log "GET /logout/ HTTP/1.1" 200 4766
INFO 2026-01-23 23:56:24,581 log "GET /login/ HTTP/1.1" 200 5409
INFO 2026-01-23 23:56:33,775 log "POST /login/ HTTP/1.1" 200 5850
INFO 2026-01-23 23:56:45,539 log "POST /login/ HTTP/1.1" 302 0
INFO 2026-01-23 23:56:45,579 log "GET / HTTP/1.1" 200 23932
INFO 2026-01-23 23:57:01,970 log "GET /logout/ HTTP/1.1" 200 4766
INFO 2026-01-23 23:57:06,854 log "GET /login/ HTTP/1.1" 200 5409
INFO 2026-01-23 23:57:23,337 log "POST /login/ HTTP/1.1" 200 5850
INFO 2026-01-23 23:57:34,277 log "POST /login/ HTTP/1.1" 200 5850
INFO 2026-01-23 23:57:37,532 log "POST /login/ HTTP/1.1" 302 0
INFO 2026-01-23 23:57:37,561 log "GET / HTTP/1.1" 200 23932
INFO 2026-01-23 23:57:41,212 log "GET /users/ HTTP/1.1" 200 91969
INFO 2026-01-23 23:57:50,751 log "GET /users/?q=&role=student HTTP/1.1" 200 55887
INFO 2026-01-23 23:58:03,306 log "GET /logout/ HTTP/1.1" 200 4766
INFO 2026-01-23 23:58:06,129 log "GET /login/ HTTP/1.1" 200 5409
INFO 2026-01-23 23:58:16,019 log "POST /login/ HTTP/1.1" 302 0
ERROR 2026-01-23 23:58:16,470 log "GET / HTTP/1.1" 500 148226
INFO 2026-01-24 00:00:35,644 autoreload C:\Users\shona\PycharmProjects\Crmtizim\apps\core\dashboards.py changed, reloading.
INFO 2026-01-24 00:00:35,712 autoreload C:\Users\shona\PycharmProjects\Crmtizim\apps\core\dashboards.py changed, reloading.
INFO 2026-01-24 00:00:35,756 autoreload C:\Users\shona\PycharmProjects\Crmtizim\apps\core\dashboards.py changed, reloading.
INFO 2026-01-24 00:00:35,789 autoreload C:\Users\shona\PycharmProjects\Crmtizim\apps\core\dashboards.py changed, reloading.
INFO 2026-01-24 00:00:35,846 autoreload C:\Users\shona\PycharmProjects\Crmtizim\apps\core\dashboards.py changed, reloading.
INFO 2026-01-24 00:00:35,854 autoreload C:\Users\shona\PycharmProjects\Crmtizim\apps\core\dashboards.py changed, reloading.
INFO 2026-01-24 00:00:36,253 autoreload C:\Users\shona\PycharmProjects\Crmtizim\apps\core\dashboards.py changed, reloading.
INFO 2026-01-24 00:00:36,304 autoreload C:\Users\shona\PycharmProjects\Crmtizim\apps\core\dashboards.py changed, reloading.
INFO 2026-01-24 00:00:36,534 autoreload C:\Users\shona\PycharmProjects\Crmtizim\apps\core\dashboards.py changed, reloading.
INFO 2026-01-24 00:00:36,533 autoreload C:\Users\shona\PycharmProjects\Crmtizim\apps\core\dashboards.py changed, reloading.
INFO 2026-01-24 00:00:36,520 autoreload C:\Users\shona\PycharmProjects\Crmtizim\apps\core\dashboards.py changed, reloading.
INFO 2026-01-24 00:00:36,533 autoreload C:\Users\shona\PycharmProjects\Crmtizim\apps\core\dashboards.py changed, reloading.
INFO 2026-01-24 00:00:36,747 autoreload C:\Users\shona\PycharmProjects\Crmtizim\apps\core\dashboards.py changed, reloading.
INFO 2026-01-24 00:00:36,699 autoreload C:\Users\shona\PycharmProjects\Crmtizim\apps\core\dashboards.py changed, reloading.
INFO 2026-01-24 00:00:36,757 autoreload C:\Users\shona\PycharmProjects\Crmtizim\apps\core\dashboards.py changed, reloading.
INFO 2026-01-24 00:00:42,171 autoreload Watching for file changes with StatReloader
INFO 2026-01-24 00:00:43,060 autoreload Watching for file changes with StatReloader
INFO 2026-01-24 00:00:43,271 autoreload Watching for file changes with StatReloader
INFO 2026-01-24 00:00:43,363 autoreload Watching for file changes with StatReloader
INFO 2026-01-24 00:00:43,401 autoreload Watching for file changes with StatReloader
INFO 2026-01-24 00:00:43,836 autoreload Watching for file changes with StatReloader
INFO 2026-01-24 00:00:45,291 autoreload Watching for file changes with StatReloader
INFO 2026-01-24 00:00:47,282 autoreload Watching for file changes with StatReloader
INFO 2026-01-24 00:00:47,297 autoreload Watching for file changes with StatReloader
INFO 2026-01-24 00:00:47,594 autoreload Watching for file changes with StatReloader
INFO 2026-01-24 00:00:47,710 autoreload Watching for file changes with StatReloader
INFO 2026-01-24 00:00:47,715 autoreload Watching for file changes with StatReloader
INFO 2026-01-24 00:00:47,776 autoreload Watching for file changes with StatReloader
INFO 2026-01-24 00:00:47,824 autoreload Watching for file changes with StatReloader
INFO 2026-01-24 00:00:47,825 autoreload Watching for file changes with StatReloader
INFO 2026-01-24 00:02:43,846 log "GET / HTTP/1.1" 302 0
INFO 2026-01-24 00:02:43,865 log "GET /login/?next=/ HTTP/1.1" 200 5409
INFO 2026-01-24 00:04:13,189 autoreload Watching for file changes with StatReloader
INFO 2026-01-24 00:04:19,884 log "GET / HTTP/1.1" 200 26225
INFO 2026-01-24 00:04:40,432 log "GET /operations/shop/ HTTP/1.1" 200 15327
INFO 2026-01-24 00:04:44,021 log "GET /operations/ratings/students/ HTTP/1.1" 200 22800
INFO 2026-01-24 00:04:53,197 log "GET /operations/ratings/teachers/ HTTP/1.1" 200 26088
INFO 2026-01-24 00:05:14,147 log "GET / HTTP/1.1" 200 26225
INFO 2026-01-24 00:05:23,262 log "GET /logout/ HTTP/1.1" 200 4766
INFO 2026-01-24 00:05:26,056 log "GET /login/ HTTP/1.1" 200 5409
INFO 2026-01-24 00:05:30,491 log "POST /login/ HTTP/1.1" 302 0
INFO 2026-01-24 00:05:30,579 log "GET / HTTP/1.1" 200 23932
INFO 2026-01-24 00:05:38,469 log "GET /users/ HTTP/1.1" 200 91969
INFO 2026-01-24 00:06:01,115 log "GET /users/staff/add/ HTTP/1.1" 200 23962
INFO 2026-01-24 00:06:09,057 log "GET /users/ HTTP/1.1" 200 91969
INFO 2026-01-24 00:06:12,421 log "GET /users/teachers/add/ HTTP/1.1" 200 23999
INFO 2026-01-24 00:06:21,177 log "GET /users/ HTTP/1.1" 200 91969
INFO 2026-01-24 00:06:32,016 log "GET /users/?q=&role=parent HTTP/1.1" 200 26447
INFO 2026-01-24 00:06:48,233 log "GET /logout/ HTTP/1.1" 200 4766
INFO 2026-01-24 00:06:50,265 log "GET /login/ HTTP/1.1" 200 5409
INFO 2026-01-24 00:06:56,430 log "POST /login/ HTTP/1.1" 200 5850
INFO 2026-01-24 00:07:00,692 log "POST /login/ HTTP/1.1" 302 0
INFO 2026-01-24 00:07:00,790 log "GET / HTTP/1.1" 200 23932
INFO 2026-01-24 00:07:08,875 log "GET /users/ HTTP/1.1" 200 91969
INFO 2026-01-24 00:16:34,805 log "GET / HTTP/1.1" 302 0
INFO 2026-01-24 00:16:34,815 log "GET /login/?next=/ HTTP/1.1" 200 5409
INFO 2026-01-24 00:17:02,398 log "GET / HTTP/1.1" 302 0
INFO 2026-01-24 00:17:02,406 log "GET /login/?next=/ HTTP/1.1" 200 5409
INFO 2026-01-24 00:20:13,326 autoreload Watching for file changes with StatReloader
INFO 2026-01-24 00:20:18,480 log "GET / HTTP/1.1" 200 23932
INFO 2026-01-24 00:20:23,700 log "GET /users/ HTTP/1.1" 200 91969
INFO 2026-01-24 00:20:27,634 log "GET /users/students/add/ HTTP/1.1" 200 26571
INFO 2026-01-24 00:21:04,690 log "POST /users/students/add/ HTTP/1.1" 200 27732
INFO 2026-01-24 00:21:04,733 log "GET /static/css/style.css HTTP/1.1" 304 0
INFO 2026-01-24 00:21:15,496 log "POST /users/students/add/ HTTP/1.1" 302 0
INFO 2026-01-24 00:21:15,558 log "GET /users/ HTTP/1.1" 200 99154
INFO 2026-01-24 00:21:22,622 log "GET /logout/ HTTP/1.1" 200 4766
INFO 2026-01-24 00:21:24,763 log "GET /login/ HTTP/1.1" 200 5409
INFO 2026-01-24 00:21:41,433 log "POST /login/ HTTP/1.1" 200 5850
INFO 2026-01-24 00:21:52,316 log "POST /login/ HTTP/1.1" 302 0
INFO 2026-01-24 00:21:52,420 log "GET / HTTP/1.1" 200 23934
INFO 2026-01-24 00:21:54,838 log "GET /users/ HTTP/1.1" 200 98593
INFO 2026-01-24 00:22:02,932 log "GET /users/?q=&role=parent HTTP/1.1" 200 29463
INFO 2026-01-24 00:22:20,699 log "GET /logout/ HTTP/1.1" 200 4766
INFO 2026-01-24 00:22:23,295 log "GET /login/ HTTP/1.1" 200 5409
INFO 2026-01-24 00:22:35,624 log "POST /login/ HTTP/1.1" 200 5850
INFO 2026-01-24 00:22:47,976 log "POST /login/ HTTP/1.1" 302 0
INFO 2026-01-24 00:22:48,057 log "GET / HTTP/1.1" 200 26227
INFO 2026-01-24 00:23:17,339 log "GET /logout/ HTTP/1.1" 200 4766
INFO 2026-01-24 00:23:19,154 log "GET /login/ HTTP/1.1" 200 5409
INFO 2026-01-24 00:23:32,171 log "POST /login/ HTTP/1.1" 302 0
INFO 2026-01-24 00:23:32,197 log "GET / HTTP/1.1" 200 21698
INFO 2026-01-24 00:23:52,284 log "GET /operations/ratings/teachers/ HTTP/1.1" 200 26087
INFO 2026-01-24 00:23:58,742 log "GET /operations/ratings/students/ HTTP/1.1" 200 25380
INFO 2026-01-24 00:24:11,608 log "GET /operations/ratings/teachers/ HTTP/1.1" 200 26087
INFO 2026-01-24 00:24:13,931 log "GET /operations/shop/ HTTP/1.1" 200 15326
INFO 2026-01-24 00:24:16,540 log "GET /operations/ratings/students/ HTTP/1.1" 200 25380
INFO 2026-01-24 00:24:17,772 log "GET /operations/ratings/teachers/ HTTP/1.1" 200 26087
INFO 2026-01-24 00:24:20,548 log "GET / HTTP/1.1" 200 21698
INFO 2026-01-24 00:27:58,679 log "GET / HTTP/1.1" 302 0
INFO 2026-01-24 00:27:58,688 log "GET /login/?next=/ HTTP/1.1" 200 5409
INFO 2026-01-24 00:31:34,290 autoreload Watching for file changes with StatReloader
INFO 2026-01-24 00:31:38,572 log "GET / HTTP/1.1" 200 21698
INFO 2026-01-24 00:31:42,458 log "GET / HTTP/1.1" 200 21698
INFO 2026-01-24 00:36:40,435 log "GET / HTTP/1.1" 200 21698
INFO 2026-01-24 00:36:42,954 log "GET / HTTP/1.1" 200 21698
WARNING 2026-01-24 00:36:52,269 log "GET /.well-known/appspecific/com.chrome.devtools.json HTTP/1.1" 404 10204
INFO 2026-01-24 01:05:19,168 autoreload Watching for file changes with StatReloader
INFO 2026-01-24 01:05:50,023 log "GET / HTTP/1.1" 200 21605
INFO 2026-01-24 01:05:50,156 log "GET /static/css/style.css HTTP/1.1" 304 0
INFO 2026-01-24 01:05:54,506 log "GET /operations/ratings/teachers/ HTTP/1.1" 200 26087
INFO 2026-01-24 01:05:57,707 log "GET / HTTP/1.1" 200 21605
INFO 2026-01-24 01:06:51,932 log "GET /logout/ HTTP/1.1" 200 4766
INFO 2026-01-24 01:06:57,417 log "GET /login/ HTTP/1.1" 200 5409
INFO 2026-01-24 01:07:29,111 log "POST /login/ HTTP/1.1" 302 0
INFO 2026-01-24 01:07:29,166 log "GET / HTTP/1.1" 200 23934
INFO 2026-01-24 01:07:35,508 log "GET /users/teachers/add/ HTTP/1.1" 200 23999
INFO 2026-01-24 01:08:15,982 log "POST /users/teachers/add/ HTTP/1.1" 200 24955
INFO 2026-01-24 01:08:25,782 log "POST /users/teachers/add/ HTTP/1.1" 302 0
INFO 2026-01-24 01:08:25,824 log "GET /users/ HTTP/1.1" 200 102146
INFO 2026-01-24 01:08:31,835 log "GET /logout/ HTTP/1.1" 200 4766
INFO 2026-01-24 01:08:33,887 log "GET /login/ HTTP/1.1" 200 5409
INFO 2026-01-24 01:08:41,805 log "POST /login/ HTTP/1.1" 302 0
INFO 2026-01-24 01:08:41,853 log "GET / HTTP/1.1" 200 22233
INFO 2026-01-24 01:08:51,074 log "GET /groups/ HTTP/1.1" 200 22588
INFO 2026-01-24 01:08:53,409 log "GET / HTTP/1.1" 200 22233
INFO 2026-01-24 01:09:14,563 log "GET /groups/ HTTP/1.1" 200 22588
INFO 2026-01-24 01:09:16,570 log "GET /courses/ HTTP/1.1" 200 15910
INFO 2026-01-24 01:09:18,280 log "GET /rooms/ HTTP/1.1" 200 15829
INFO 2026-01-24 01:09:21,084 log "GET /courses/ HTTP/1.1" 200 15910
INFO 2026-01-24 01:09:24,482 log "GET /courses/add/ HTTP/1.1" 200 16742
INFO 2026-01-24 01:09:28,808 log "GET /rooms/ HTTP/1.1" 200 15829
INFO 2026-01-24 01:09:32,099 log "GET /edu/materials/ HTTP/1.1" 200 20230
INFO 2026-01-24 01:09:36,892 log "GET /operations/lessons/ HTTP/1.1" 200 17809
INFO 2026-01-24 01:09:40,702 log "GET /operations/schedule/ HTTP/1.1" 200 20521
INFO 2026-01-24 01:09:44,057 log "GET /operations/ratings/teachers/ HTTP/1.1" 200 29278
INFO 2026-01-24 01:09:46,301 log "GET /operations/ratings/students/ HTTP/1.1" 200 26188
INFO 2026-01-24 01:09:49,168 log "GET /operations/shop/ HTTP/1.1" 200 16134
INFO 2026-01-24 01:11:41,253 autoreload Watching for file changes with StatReloader
INFO 2026-01-24 01:11:45,345 log "GET / HTTP/1.1" 200 22233
INFO 2026-01-24 01:12:02,244 log "GET /groups/ HTTP/1.1" 200 22588
INFO 2026-01-24 01:12:06,621 log "GET /courses/ HTTP/1.1" 200 15910
INFO 2026-01-24 01:12:08,011 log "GET /groups/ HTTP/1.1" 200 22588
INFO 2026-01-24 01:12:09,909 log "GET /courses/ HTTP/1.1" 200 15910
INFO 2026-01-24 01:12:12,365 log "GET /groups/ HTTP/1.1" 200 22588
INFO 2026-01-24 01:12:13,732 log "GET /courses/ HTTP/1.1" 200 15910
INFO 2026-01-24 01:12:14,849 log "GET /groups/ HTTP/1.1" 200 22588
INFO 2026-01-24 01:16:28,065 log "GET /courses/ HTTP/1.1" 200 15910
INFO 2026-01-24 01:19:26,304 log "GET /rooms/ HTTP/1.1" 200 15829
INFO 2026-01-24 01:19:27,942 log "GET /courses/ HTTP/1.1" 200 15910
INFO 2026-01-24 01:19:35,251 log "GET /rooms/ HTTP/1.1" 200 15829
INFO 2026-01-24 01:19:36,842 log "GET /courses/ HTTP/1.1" 200 15910
INFO 2026-01-24 01:19:50,400 log "GET /rooms/ HTTP/1.1" 200 15829
INFO 2026-01-24 01:20:01,922 log "GET /edu/materials/ HTTP/1.1" 200 20230
INFO 2026-01-24 01:23:50,036 log "GET /operations/lessons/ HTTP/1.1" 200 17809
INFO 2026-01-24 01:23:57,652 log "GET /operations/schedule/ HTTP/1.1" 200 20521
INFO 2026-01-24 01:24:00,124 log "GET /operations/lessons/ HTTP/1.1" 200 17809
INFO 2026-01-24 01:24:09,266 log "GET /operations/ratings/teachers/ HTTP/1.1" 200 29278
INFO 2026-01-24 01:24:12,319 log "GET /operations/shop/ HTTP/1.1" 200 16134
INFO 2026-01-24 01:24:13,879 log "GET /operations/lessons/ HTTP/1.1" 200 17809
INFO 2026-01-24 01:24:46,801 log "GET /groups/ HTTP/1.1" 200 22588
INFO 2026-01-26 01:04:33,677 autoreload Watching for file changes with StatReloader
INFO 2026-01-26 01:04:58,130 log "GET / HTTP/1.1" 302 0
INFO 2026-01-26 01:04:58,262 log "GET /login/?next=/ HTTP/1.1" 200 5409
WARNING 2026-01-26 01:04:59,695 log "GET /favicon.ico HTTP/1.1" 404 10093
INFO 2026-01-26 01:05:02,424 log "POST /login/?next=/ HTTP/1.1" 302 0
INFO 2026-01-26 01:05:02,548 log "GET / HTTP/1.1" 200 23928
INFO 2026-01-26 01:05:02,587 log "GET /static/css/style.css HTTP/1.1" 304 0
INFO 2026-01-26 01:05:13,224 log "GET /logout/ HTTP/1.1" 200 4766
INFO 2026-01-26 01:05:16,855 log "GET /login/ HTTP/1.1" 200 5409
INFO 2026-01-26 01:05:26,495 log "POST /login/ HTTP/1.1" 302 0
INFO 2026-01-26 01:05:26,530 log "GET / HTTP/1.1" 200 26227
INFO 2026-01-26 01:05:34,408 log "GET /logout/ HTTP/1.1" 200 4766
INFO 2026-01-26 01:05:36,030 log "GET /login/ HTTP/1.1" 200 5409
INFO 2026-01-26 01:05:43,055 log "POST /login/ HTTP/1.1" 302 0
INFO 2026-01-26 01:05:43,084 log "GET / HTTP/1.1" 200 26225
INFO 2026-01-26 01:05:46,528 log "GET /logout/ HTTP/1.1" 200 4766
INFO 2026-01-26 01:05:48,321 log "GET /login/ HTTP/1.1" 200 5409
INFO 2026-01-26 01:05:54,851 log "POST /login/ HTTP/1.1" 200 5850
INFO 2026-01-26 01:06:09,037 log "POST /login/ HTTP/1.1" 200 5850
INFO 2026-01-26 01:06:13,000 log "POST /login/ HTTP/1.1" 302 0
INFO 2026-01-26 01:06:13,032 log "GET / HTTP/1.1" 200 23928
INFO 2026-01-26 01:06:15,198 log "GET /users/ HTTP/1.1" 200 102150
INFO 2026-01-26 01:06:31,208 log "GET /users/?q=&role=teacher HTTP/1.1" 200 51159
INFO 2026-01-26 01:06:36,819 log "GET /logout/ HTTP/1.1" 200 4766
INFO 2026-01-26 01:06:38,805 log "GET /login/ HTTP/1.1" 200 5409
INFO 2026-01-26 01:06:48,597 log "POST /login/ HTTP/1.1" 302 0
INFO 2026-01-26 01:06:48,628 log "GET / HTTP/1.1" 200 22235
INFO 2026-01-26 01:10:48,574 log "GET /groups/ HTTP/1.1" 200 22588
INFO 2026-01-26 01:10:50,157 log "GET /courses/ HTTP/1.1" 200 15910
INFO 2026-01-26 01:10:51,808 log "GET /rooms/ HTTP/1.1" 200 15829
INFO 2026-01-26 01:11:23,927 log "GET /groups/ HTTP/1.1" 200 22588
INFO 2026-01-26 01:11:25,335 log "GET /courses/ HTTP/1.1" 200 15910
INFO 2026-01-26 01:11:26,522 log "GET /rooms/ HTTP/1.1" 200 15829
INFO 2026-01-26 01:12:12,216 log "GET /courses/ HTTP/1.1" 200 15910
INFO 2026-01-26 01:12:13,772 log "GET /edu/materials/ HTTP/1.1" 200 20230
INFO 2026-01-26 01:12:30,489 log "GET /operations/lessons/ HTTP/1.1" 200 18470
INFO 2026-01-26 01:12:33,077 log "GET /operations/schedule/ HTTP/1.1" 200 20521
INFO 2026-01-26 01:12:35,810 log "GET /operations/ratings/teachers/ HTTP/1.1" 200 29278
INFO 2026-01-26 01:12:37,777 log "GET /operations/ratings/students/ HTTP/1.1" 200 26188
INFO 2026-01-26 01:12:41,868 log "GET / HTTP/1.1" 200 22235
INFO 2026-01-26 01:17:32,507 autoreload Watching for file changes with StatReloader
INFO 2026-01-26 01:17:37,344 log "GET / HTTP/1.1" 200 22129
INFO 2026-01-26 01:17:40,116 log "GET /groups/ HTTP/1.1" 200 22054
INFO 2026-01-26 01:17:42,172 log "GET /courses/ HTTP/1.1" 200 15537
INFO 2026-01-26 01:18:17,359 log "GET /groups/ HTTP/1.1" 200 22054
INFO 2026-01-26 01:18:18,929 log "GET /courses/ HTTP/1.1" 200 15537
INFO 2026-01-26 01:18:19,927 log "GET /edu/materials/ HTTP/1.1" 200 20124
INFO 2026-01-26 01:18:24,124 log "GET /operations/lessons/ HTTP/1.1" 200 18364
INFO 2026-01-26 01:18:31,360 log "GET /operations/lessons/add/ HTTP/1.1" 200 18261
INFO 2026-01-26 01:18:43,739 log "GET /operations/schedule/ HTTP/1.1" 200 20415
INFO 2026-01-26 01:18:46,689 log "GET /operations/ratings/teachers/ HTTP/1.1" 200 29172
INFO 2026-01-26 01:18:51,490 log "GET /operations/ratings/students/ HTTP/1.1" 200 26082
INFO 2026-01-26 01:18:52,813 log "GET /operations/schedule/ HTTP/1.1" 200 20415
INFO 2026-01-26 01:18:54,061 log "GET /operations/lessons/ HTTP/1.1" 200 18364
INFO 2026-01-26 01:18:56,625 log "GET /operations/lessons/add/ HTTP/1.1" 200 18261
INFO 2026-01-26 01:20:59,395 log "GET / HTTP/1.1" 200 22129
INFO 2026-01-26 01:21:04,009 log "GET /operations/lessons/ HTTP/1.1" 200 18364
INFO 2026-01-26 01:21:06,792 log "GET /operations/lessons/add/ HTTP/1.1" 200 18722
INFO 2026-01-26 14:08:06,695 log "GET / HTTP/1.1" 200 22129
INFO 2026-01-26 14:08:06,766 log "GET /static/css/style.css HTTP/1.1" 304 0
INFO 2026-01-26 14:08:10,075 log "GET / HTTP/1.1" 200 22129
INFO 2026-01-26 14:08:16,056 log "GET / HTTP/1.1" 200 22129
INFO 2026-01-26 14:08:33,203 log "GET /logout/ HTTP/1.1" 200 4766
INFO 2026-01-26 14:08:35,126 log "GET /login/ HTTP/1.1" 200 5409
INFO 2026-01-26 14:08:40,616 log "POST /login/ HTTP/1.1" 302 0
INFO 2026-01-26 14:08:40,660 log "GET / HTTP/1.1" 200 23930
INFO 2026-01-26 14:08:45,831 log "GET /users/ HTTP/1.1" 200 102152
INFO 2026-01-26 14:08:47,092 log "GET /automation/templates/ HTTP/1.1" 200 17503
INFO 2026-01-26 14:08:48,267 log "GET /crm/pipeline/ HTTP/1.1" 200 20444
INFO 2026-01-26 14:08:49,299 log "GET /crm/sources/ HTTP/1.1" 200 17154
INFO 2026-01-26 14:08:50,314 log "GET /crm/stages/ HTTP/1.1" 200 19503
INFO 2026-01-26 14:08:51,503 log "GET /groups/ HTTP/1.1" 200 36300
INFO 2026-01-26 14:08:53,716 log "GET /courses/ HTTP/1.1" 200 17940
INFO 2026-01-26 14:08:55,106 log "GET /rooms/ HTTP/1.1" 200 17893
INFO 2026-01-26 14:08:58,171 log "GET /edu/materials/ HTTP/1.1" 200 22242
INFO 2026-01-26 14:09:00,412 log "GET /operations/lessons/ HTTP/1.1" 200 33510
INFO 2026-01-26 14:09:02,097 log "GET /operations/schedule/ HTTP/1.1" 200 67823
INFO 2026-01-26 14:09:06,872 log "GET /operations/ratings/teachers/ HTTP/1.1" 200 17372
INFO 2026-01-26 14:09:08,935 log "GET /operations/ratings/students/ HTTP/1.1" 200 17989
INFO 2026-01-26 14:09:10,792 log "GET /operations/shop/ HTTP/1.1" 200 18146
INFO 2026-01-26 14:09:12,667 log "GET /finance/accounts/ HTTP/1.1" 200 18151
INFO 2026-01-26 14:09:14,244 log "GET /finance/categories/ HTTP/1.1" 200 19015
INFO 2026-01-26 14:09:15,507 log "GET /finance/transactions/ HTTP/1.1" 200 25026
INFO 2026-01-26 14:09:23,342 log "GET /finance/reports/ HTTP/1.1" 200 18919
INFO 2026-01-26 14:09:25,303 log "GET /finance/payroll/ HTTP/1.1" 200 38646
INFO 2026-01-26 14:09:27,150 log "GET /finance/hr/attendance/ HTTP/1.1" 200 40164
INFO 2026-01-26 14:09:29,716 log "GET /finance/supplies/ HTTP/1.1" 200 27088
INFO 2026-01-26 14:09:34,876 log "GET /finance/receipts/pending/ HTTP/1.1" 200 20107
INFO 2026-01-26 14:09:40,438 log "GET /core/settings/ HTTP/1.1" 200 47220
INFO 2026-01-26 14:09:42,020 log "GET /finance/receipts/pending/ HTTP/1.1" 200 20107
INFO 2026-01-26 14:09:46,010 log "GET /logout/ HTTP/1.1" 200 4766
INFO 2026-01-26 14:09:48,125 log "GET /login/ HTTP/1.1" 200 5409
INFO 2026-01-26 14:09:55,099 log "POST /login/ HTTP/1.1" 302 0
INFO 2026-01-26 14:09:55,141 log "GET / HTTP/1.1" 200 26227
INFO 2026-01-26 14:10:15,129 log "GET / HTTP/1.1" 200 26227
INFO 2026-01-26 14:10:16,698 log "GET /operations/ratings/teachers/ HTTP/1.1" 200 28472
INFO 2026-01-26 14:10:18,372 log "GET /operations/ratings/students/ HTTP/1.1" 200 25382
INFO 2026-01-26 14:10:20,340 log "GET /operations/shop/ HTTP/1.1" 200 15328
INFO 2026-01-26 14:10:23,071 log "GET /operations/ratings/teachers/ HTTP/1.1" 200 28472
INFO 2026-01-26 14:10:24,670 log "GET / HTTP/1.1" 200 26227
INFO 2026-01-26 14:10:35,939 log "GET /logout/ HTTP/1.1" 200 4766
INFO 2026-01-26 14:10:38,174 log "GET /login/ HTTP/1.1" 200 5409
INFO 2026-01-26 14:10:46,442 log "POST /login/ HTTP/1.1" 302 0
INFO 2026-01-26 14:10:46,473 log "GET / HTTP/1.1" 200 22129
INFO 2026-01-26 14:10:49,279 log "GET /logout/ HTTP/1.1" 200 4766
INFO 2026-01-26 14:10:51,034 log "GET /login/ HTTP/1.1" 200 5409
INFO 2026-01-26 14:10:56,512 log "POST /login/ HTTP/1.1" 302 0
INFO 2026-01-26 14:10:56,546 log "GET / HTTP/1.1" 200 23930
INFO 2026-01-26 14:10:59,910 log "GET /users/ HTTP/1.1" 200 102152
INFO 2026-01-26 14:11:08,415 log "GET /users/?q=&role=parent HTTP/1.1" 200 30042
INFO 2026-01-26 14:11:13,661 log "GET /logout/ HTTP/1.1" 200 4766
INFO 2026-01-26 14:11:15,453 log "GET /login/ HTTP/1.1" 200 5409
INFO 2026-01-26 14:11:24,460 log "POST /login/ HTTP/1.1" 200 5850
INFO 2026-01-26 14:11:30,475 log "POST /login/ HTTP/1.1" 302 0
INFO 2026-01-26 14:11:30,510 log "GET / HTTP/1.1" 200 23930
INFO 2026-01-26 14:11:32,808 log "GET /users/ HTTP/1.1" 200 102152
INFO 2026-01-26 14:11:38,672 log "GET /users/?q=&role=parent HTTP/1.1" 200 30042
INFO 2026-01-26 14:11:48,326 log "GET /logout/ HTTP/1.1" 200 4766
INFO 2026-01-26 14:11:50,364 log "GET /login/ HTTP/1.1" 200 5409
INFO 2026-01-26 14:12:02,170 log "POST /login/ HTTP/1.1" 200 5850
INFO 2026-01-26 14:12:11,241 log "POST /login/ HTTP/1.1" 200 5850
INFO 2026-01-26 14:12:24,693 log "POST /login/ HTTP/1.1" 302 0
INFO 2026-01-26 14:12:24,734 log "GET / HTTP/1.1" 200 23930
INFO 2026-01-26 14:12:27,132 log "GET /users/ HTTP/1.1" 200 102152
INFO 2026-01-26 14:12:31,789 log "GET /users/?q=&role=parent HTTP/1.1" 200 30042
INFO 2026-01-26 14:12:43,526 log "GET /logout/ HTTP/1.1" 200 4766
INFO 2026-01-26 14:12:45,937 log "GET /login/ HTTP/1.1" 200 5409
INFO 2026-01-26 14:12:58,492 log "POST /login/ HTTP/1.1" 200 5850
INFO 2026-01-26 14:13:24,368 log "POST /login/ HTTP/1.1" 302 0
INFO 2026-01-26 14:13:24,415 log "GET / HTTP/1.1" 200 23930
INFO 2026-01-26 14:13:30,031 log "GET /users/ HTTP/1.1" 200 102152
INFO 2026-01-26 14:13:40,316 log "GET /users/?q=&role=parent HTTP/1.1" 200 30042
INFO 2026-01-26 14:13:43,803 log "GET /users/23/edit/ HTTP/1.1" 200 20238
INFO 2026-01-26 14:14:00,147 log "GET /users/ HTTP/1.1" 200 102152
INFO 2026-01-26 14:19:24,289 log "GET /users/ HTTP/1.1" 200 102152
INFO 2026-01-26 14:19:27,049 log "GET /users/24/edit/ HTTP/1.1" 200 22616
INFO 2026-01-26 14:19:31,010 log "GET /users/ HTTP/1.1" 200 102152
INFO 2026-01-26 14:19:40,192 log "GET /users/?q=&role=parent HTTP/1.1" 200 30042
INFO 2026-01-26 14:19:42,446 log "GET /users/23/edit/ HTTP/1.1" 200 22615
INFO 2026-01-26 14:19:53,966 log "POST /users/23/edit/ HTTP/1.1" 302 0
INFO 2026-01-26 14:19:53,996 log "GET /users/ HTTP/1.1" 200 102652
INFO 2026-01-26 14:19:58,368 log "GET /logout/ HTTP/1.1" 200 4766
INFO 2026-01-26 14:20:01,275 log "GET /login/ HTTP/1.1" 200 5409
INFO 2026-01-26 14:20:45,499 log "POST /login/ HTTP/1.1" 302 0
INFO 2026-01-26 14:20:45,526 log "GET / HTTP/1.1" 200 21605
INFO 2026-01-26 14:20:55,092 log "GET /operations/ratings/teachers/ HTTP/1.1" 200 28470
INFO 2026-01-26 14:20:59,602 log "GET /operations/ratings/students/ HTTP/1.1" 200 25380
INFO 2026-01-26 14:21:05,310 log "GET / HTTP/1.1" 200 21605
INFO 2026-01-26 14:26:50,858 autoreload C:\Users\shona\PycharmProjects\Crmtizim\apps\finance\urls.py changed, reloading.
INFO 2026-01-26 14:26:51,440 autoreload C:\Users\shona\PycharmProjects\Crmtizim\apps\finance\urls.py changed, reloading.
INFO 2026-01-26 14:26:56,676 autoreload Watching for file changes with StatReloader
INFO 2026-01-26 14:26:56,754 autoreload Watching for file changes with StatReloader
INFO 2026-01-26 14:28:07,173 log "GET / HTTP/1.1" 200 21951
ERROR 2026-01-26 14:28:11,075 log "GET /finance/pay/ HTTP/1.1" 500 83739
INFO 2026-01-26 14:29:22,003 autoreload C:\Users\shona\PycharmProjects\Crmtizim\apps\finance\student_payment_views.py changed, reloading.
INFO 2026-01-26 14:29:22,286 autoreload C:\Users\shona\PycharmProjects\Crmtizim\apps\finance\student_payment_views.py changed, reloading.
INFO 2026-01-26 14:29:23,470 autoreload Watching for file changes with StatReloader
INFO 2026-01-26 14:29:23,681 autoreload Watching for file changes with StatReloader
INFO 2026-01-26 14:29:24,708 log "GET /finance/pay/ HTTP/1.1" 200 0
INFO 2026-01-26 14:29:30,765 log "GET / HTTP/1.1" 200 21951
INFO 2026-01-26 14:29:33,292 log "GET /finance/pay/ HTTP/1.1" 200 0
INFO 2026-01-26 14:31:34,948 log "GET / HTTP/1.1" 200 21951
INFO 2026-01-26 14:31:37,803 log "GET /finance/pay/ HTTP/1.1" 200 20863
INFO 2026-01-26 14:32:09,268 log "POST /finance/pay/submit/ HTTP/1.1" 302 0
INFO 2026-01-26 14:32:09,288 log "GET /finance/pay/ HTTP/1.1" 200 22299
INFO 2026-01-26 14:32:12,640 log "GET /logout/ HTTP/1.1" 200 4766
INFO 2026-01-26 14:32:15,186 log "GET /login/ HTTP/1.1" 200 5409
INFO 2026-01-26 14:32:21,566 log "POST /login/ HTTP/1.1" 302 0
INFO 2026-01-26 14:32:21,614 log "GET / HTTP/1.1" 200 23976
INFO 2026-01-26 14:32:27,026 log "GET /finance/receipts/pending/ HTTP/1.1" 200 23802
INFO 2026-01-26 14:32:27,077 log "GET /media/receipts/2026/01/photo_2026-01-20_09-05-35.jpg HTTP/1.1" 200 133020
WARNING 2026-01-26 14:32:48,640 services Notification template not found: PAYMENT_RECEIVED
WARNING 2026-01-26 14:32:48,644 services Notification template not found: PAYMENT_RECEIVED_PARENT
INFO 2026-01-26 14:32:48,652 log "POST /finance/receipts/5/verify/ HTTP/1.1" 302 0
INFO 2026-01-26 14:32:48,684 log "GET /finance/transactions/ HTTP/1.1" 200 27016
INFO 2026-01-26 14:32:55,595 log "GET /logout/ HTTP/1.1" 200 4766
INFO 2026-01-26 14:32:57,286 log "GET /login/ HTTP/1.1" 200 5409
INFO 2026-01-26 14:33:03,084 log "POST /login/ HTTP/1.1" 302 0
INFO 2026-01-26 14:33:03,108 log "GET / HTTP/1.1" 200 21957
INFO 2026-01-26 14:33:07,197 log "GET /finance/my-payments/ HTTP/1.1" 200 16578
INFO 2026-01-26 14:33:11,742 log "GET /finance/pay/ HTTP/1.1" 200 21760
INFO 2026-01-26 14:33:13,588 log "GET /logout/ HTTP/1.1" 200 4766
INFO 2026-01-26 14:33:15,011 log "GET /login/ HTTP/1.1" 200 5409
INFO 2026-01-26 14:33:20,590 log "POST /login/ HTTP/1.1" 302 0
INFO 2026-01-26 14:33:20,625 log "GET / HTTP/1.1" 200 22175
INFO 2026-01-26 14:33:23,857 log "GET /logout/ HTTP/1.1" 200 4766
INFO 2026-01-26 14:33:25,477 log "GET /login/ HTTP/1.1" 200 5409
INFO 2026-01-26 14:33:32,457 log "POST /login/ HTTP/1.1" 302 0
INFO 2026-01-26 14:33:32,501 log "GET / HTTP/1.1" 200 28146
INFO 2026-01-26 14:33:37,719 log "GET /finance/my-payments/ HTTP/1.1" 200 16580
INFO 2026-01-26 14:33:39,261 log "GET /finance/pay/ HTTP/1.1" 200 21290
INFO 2026-01-26 14:33:56,393 log "GET /logout/ HTTP/1.1" 200 4766
INFO 2026-01-26 14:33:58,872 log "GET /login/ HTTP/1.1" 200 5409
INFO 2026-01-26 14:34:04,248 log "POST /login/ HTTP/1.1" 302 0
INFO 2026-01-26 14:34:04,287 log "GET / HTTP/1.1" 200 23981
INFO 2026-01-26 14:34:09,054 log "GET /finance/payroll/ HTTP/1.1" 200 38692
INFO 2026-01-26 14:34:15,287 log "GET /finance/supplies/ HTTP/1.1" 200 27134
INFO 2026-01-26 14:34:17,158 log "GET /finance/reports/ HTTP/1.1" 200 18965
INFO 2026-01-26 14:34:21,700 log "GET /finance/transactions/ HTTP/1.1" 200 26533
INFO 2026-01-26 14:34:41,199 log "GET /finance/transactions/export/excel/? HTTP/1.1" 200 5611
ERROR 2026-01-26 14:34:42,983 log "GET /finance/transactions/export/pdf/? HTTP/1.1" 500 84308
INFO 2026-01-26 14:35:46,383 autoreload C:\Users\shona\PycharmProjects\Crmtizim\apps\finance\export_views.py changed, reloading.
INFO 2026-01-26 14:35:46,546 autoreload C:\Users\shona\PycharmProjects\Crmtizim\apps\finance\export_views.py changed, reloading.
INFO 2026-01-26 14:35:47,903 autoreload Watching for file changes with StatReloader
INFO 2026-01-26 14:35:47,965 autoreload Watching for file changes with StatReloader
INFO 2026-01-26 14:35:48,942 log "GET /finance/transactions/export/pdf/? HTTP/1.1" 200 2273
INFO 2026-01-26 14:36:04,777 log "GET /finance/transactions/export/pdf/? HTTP/1.1" 200 2273
INFO 2026-01-26 14:36:08,204 log "GET /finance/transactions/export/pdf/? HTTP/1.1" 200 2273
INFO 2026-01-26 14:36:22,855 log "GET /finance/categories/ HTTP/1.1" 200 19061
INFO 2026-01-26 14:36:28,789 log "GET /finance/reports/ HTTP/1.1" 200 18965
INFO 2026-01-26 14:38:56,622 autoreload C:\Users\shona\PycharmProjects\Crmtizim\apps\finance\views.py changed, reloading.
INFO 2026-01-26 14:38:56,647 autoreload C:\Users\shona\PycharmProjects\Crmtizim\apps\finance\views.py changed, reloading.
INFO 2026-01-26 14:38:58,267 autoreload Watching for file changes with StatReloader
INFO 2026-01-26 14:38:58,271 autoreload Watching for file changes with StatReloader
INFO 2026-01-26 14:39:38,036 log "GET /finance/reports/ HTTP/1.1" 200 44694
INFO 2026-01-26 14:39:57,168 log "GET /finance/reports/?days=7 HTTP/1.1" 200 29107
INFO 2026-01-26 14:40:11,281 log "GET /finance/reports/?days=90 HTTP/1.1" 200 85242
INFO 2026-01-26 14:40:14,351 log "GET /finance/reports/?days=365 HTTP/1.1" 200 271087
INFO 2026-01-26 14:40:19,727 log "GET /finance/reports/?days=30 HTTP/1.1" 200 44694
INFO 2026-01-26 14:40:24,699 log "GET /finance/payroll/ HTTP/1.1" 200 38692
INFO 2026-01-26 14:40:26,341 log "GET /finance/hr/attendance/ HTTP/1.1" 200 40210
INFO 2026-01-26 14:40:28,453 log "GET /finance/supplies/ HTTP/1.1" 200 27134
INFO 2026-01-26 14:40:44,212 log "GET /finance/accounts/ HTTP/1.1" 200 18199
INFO 2026-01-26 14:40:49,323 log "GET /operations/shop/ HTTP/1.1" 200 18192
INFO 2026-01-26 14:47:42,482 log "GET /operations/shop/ HTTP/1.1" 200 45165
INFO 2026-01-26 14:49:23,812 log "GET /edu/materials/ HTTP/1.1" 200 22288
INFO 2026-01-26 14:49:41,331 log "GET /operations/shop/ HTTP/1.1" 200 49270
INFO 2026-01-26 14:51:57,362 log "GET /operations/ratings/students/ HTTP/1.1" 200 18035
INFO 2026-01-26 14:51:59,162 log "GET /operations/ratings/teachers/ HTTP/1.1" 200 17418
INFO 2026-01-26 14:52:01,091 log "GET /operations/shop/ HTTP/1.1" 200 49270
INFO 2026-01-26 14:52:12,528 autoreload C:\Users\shona\PycharmProjects\Crmtizim\apps\operations\shop.py changed, reloading.
INFO 2026-01-26 14:52:12,611 autoreload C:\Users\shona\PycharmProjects\Crmtizim\apps\operations\shop.py changed, reloading.
INFO 2026-01-26 14:52:16,883 autoreload Watching for file changes with StatReloader
INFO 2026-01-26 14:52:16,883 autoreload Watching for file changes with StatReloader
INFO 2026-01-26 14:52:56,026 autoreload C:\Users\shona\PycharmProjects\Crmtizim\apps\operations\shop.py changed, reloading.
INFO 2026-01-26 14:52:56,702 autoreload C:\Users\shona\PycharmProjects\Crmtizim\apps\operations\shop.py changed, reloading.
INFO 2026-01-26 14:52:59,299 autoreload Watching for file changes with StatReloader
INFO 2026-01-26 14:52:59,488 autoreload Watching for file changes with StatReloader
INFO 2026-01-26 14:53:42,020 log "GET /operations/shop/ HTTP/1.1" 200 49270
INFO 2026-01-26 14:53:58,351 log "GET /automation/templates/ HTTP/1.1" 200 17549
INFO 2026-01-26 14:54:01,288 log "GET /automation/templates/add/ HTTP/1.1" 200 19343
INFO 2026-01-26 14:54:06,923 autoreload C:\Users\shona\PycharmProjects\Crmtizim\apps\operations\shop_views.py changed, reloading.
INFO 2026-01-26 14:54:07,311 autoreload C:\Users\shona\PycharmProjects\Crmtizim\apps\operations\shop_views.py changed, reloading.
INFO 2026-01-26 14:54:11,225 autoreload Watching for file changes with StatReloader
INFO 2026-01-26 14:54:11,670 autoreload Watching for file changes with StatReloader
INFO 2026-01-26 14:54:23,709 log "POST /automation/templates/add/ HTTP/1.1" 302 0
INFO 2026-01-26 14:54:23,748 log "GET /automation/templates/ HTTP/1.1" 200 19215
INFO 2026-01-26 14:54:37,205 log "GET /crm/pipeline/ HTTP/1.1" 200 20490
INFO 2026-01-26 14:54:38,826 log "GET /crm/stages/ HTTP/1.1" 200 19549
INFO 2026-01-26 14:54:41,624 log "GET /crm/sources/ HTTP/1.1" 200 17200
INFO 2026-01-26 14:54:44,025 log "GET /crm/stages/ HTTP/1.1" 200 19549
INFO 2026-01-26 14:54:45,612 log "GET /crm/pipeline/ HTTP/1.1" 200 20490
INFO 2026-01-26 14:54:46,961 log "GET /users/ HTTP/1.1" 200 102204
INFO 2026-01-26 14:54:49,263 log "GET /groups/ HTTP/1.1" 200 36346
INFO 2026-01-26 14:54:50,762 log "GET /courses/ HTTP/1.1" 200 17986
INFO 2026-01-26 14:54:52,007 log "GET /rooms/ HTTP/1.1" 200 17939
INFO 2026-01-26 14:54:53,080 log "GET /edu/materials/ HTTP/1.1" 200 22288
INFO 2026-01-26 14:54:55,294 log "GET /operations/lessons/ HTTP/1.1" 200 33556
INFO 2026-01-26 14:54:57,789 log "GET /operations/schedule/ HTTP/1.1" 200 67869
INFO 2026-01-26 14:54:59,908 log "GET /operations/lessons/ HTTP/1.1" 200 33556
INFO 2026-01-26 14:55:09,926 log "GET /operations/schedule/ HTTP/1.1" 200 67869
INFO 2026-01-26 14:55:11,750 log "GET /operations/ratings/teachers/ HTTP/1.1" 200 17418
INFO 2026-01-26 14:55:13,506 log "GET /operations/ratings/students/ HTTP/1.1" 200 18035
INFO 2026-01-26 14:55:14,873 log "GET /operations/ratings/teachers/ HTTP/1.1" 200 17418
INFO 2026-01-26 14:55:16,119 log "GET /operations/ratings/students/ HTTP/1.1" 200 18035
INFO 2026-01-26 14:55:22,456 log "GET /operations/ratings/teachers/ HTTP/1.1" 200 17418
INFO 2026-01-26 14:55:25,981 log "GET /operations/ratings/students/ HTTP/1.1" 200 18035
INFO 2026-01-26 14:55:27,198 log "GET /operations/shop/ HTTP/1.1" 200 49270
INFO 2026-01-26 14:55:28,779 log "GET /finance/accounts/ HTTP/1.1" 200 18199
INFO 2026-01-26 14:55:30,423 log "GET /finance/categories/ HTTP/1.1" 200 19061
INFO 2026-01-26 14:55:32,059 log "GET /finance/transactions/ HTTP/1.1" 200 26533
INFO 2026-01-26 14:55:34,245 log "GET /finance/reports/ HTTP/1.1" 200 44694
INFO 2026-01-26 14:55:36,883 log "GET /finance/payroll/ HTTP/1.1" 200 38692
INFO 2026-01-26 14:55:38,957 log "GET /finance/hr/attendance/ HTTP/1.1" 200 40210
INFO 2026-01-26 14:55:40,225 log "GET /finance/payroll/ HTTP/1.1" 200 38692
INFO 2026-01-26 14:55:46,984 log "GET /finance/hr/attendance/ HTTP/1.1" 200 40210
INFO 2026-01-26 14:55:48,932 log "GET /finance/supplies/ HTTP/1.1" 200 27134
INFO 2026-01-26 14:55:51,780 log "GET /finance/receipts/pending/ HTTP/1.1" 200 20153
INFO 2026-01-26 14:55:53,623 log "GET /core/settings/ HTTP/1.1" 200 47266
INFO 2026-01-26 14:56:11,158 autoreload C:\Users\shona\PycharmProjects\Crmtizim\apps\operations\urls.py changed, reloading.
INFO 2026-01-26 14:56:11,271 autoreload C:\Users\shona\PycharmProjects\Crmtizim\apps\operations\urls.py changed, reloading.
INFO 2026-01-26 14:56:12,518 autoreload Watching for file changes with StatReloader
INFO 2026-01-26 14:56:12,563 autoreload Watching for file changes with StatReloader
INFO 2026-01-26 15:40:25,521 log "GET /core/settings/ HTTP/1.1" 200 47266
INFO 2026-01-26 15:41:16,654 log "GET /finance/payroll/ HTTP/1.1" 200 38692
INFO 2026-01-26 15:41:19,572 log "GET /operations/ratings/students/ HTTP/1.1" 200 18035
INFO 2026-01-26 15:41:20,704 log "GET /operations/shop/ HTTP/1.1" 200 46602
INFO 2026-01-26 15:41:24,514 log "GET /operations/shop/items/ HTTP/1.1" 200 47677
INFO 2026-01-26 15:41:34,875 log "GET /operations/shop/categories/ HTTP/1.1" 200 0
INFO 2026-01-26 15:41:46,430 log "GET /operations/shop/categories/ HTTP/1.1" 200 0
INFO 2026-01-26 15:43:18,708 log "GET /operations/shop/categories/ HTTP/1.1" 200 24728
INFO 2026-01-26 15:44:40,126 log "GET /finance/accounts/ HTTP/1.1" 200 18199
INFO 2026-01-26 15:44:42,305 log "GET /finance/transactions/ HTTP/1.1" 200 26533
INFO 2026-01-26 15:44:43,554 log "GET /finance/reports/ HTTP/1.1" 200 44694
INFO 2026-01-26 15:44:45,720 log "GET /finance/payroll/ HTTP/1.1" 200 38692
INFO 2026-01-26 15:44:47,468 log "GET /finance/hr/attendance/ HTTP/1.1" 200 40210
INFO 2026-01-26 15:44:49,412 log "GET /finance/supplies/ HTTP/1.1" 200 27134
INFO 2026-01-26 15:49:12,500 autoreload Watching for file changes with StatReloader
INFO 2026-01-26 15:55:22,024 autoreload C:\Users\shona\PycharmProjects\Crmtizim\apps\finance\urls.py changed, reloading.
INFO 2026-01-26 15:55:22,084 autoreload C:\Users\shona\PycharmProjects\Crmtizim\apps\finance\inventory_views.py changed, reloading.
INFO 2026-01-26 15:55:22,091 autoreload C:\Users\shona\PycharmProjects\Crmtizim\apps\finance\inventory_views.py changed, reloading.
INFO 2026-01-26 15:55:23,909 autoreload Watching for file changes with StatReloader
INFO 2026-01-26 15:55:24,114 autoreload Watching for file changes with StatReloader
INFO 2026-01-26 15:55:24,119 autoreload Watching for file changes with StatReloader
INFO 2026-01-26 16:30:14,032 log "GET /finance/supplies/ HTTP/1.1" 200 27691
ERROR 2026-01-26 16:30:17,288 log "GET /finance/supplies/categories/ HTTP/1.1" 500 138743
INFO 2026-01-26 21:59:45,926 log "GET /finance/supplies/categories/ HTTP/1.1" 200 17617
INFO 2026-01-26 21:59:46,024 log "GET /static/css/style.css HTTP/1.1" 200 34560
INFO 2026-02-05 19:31:16,875 autoreload Watching for file changes with StatReloader
INFO 2026-02-05 19:31:46,900 autoreload Watching for file changes with StatReloader
INFO 2026-02-05 19:32:38,002 autoreload Watching for file changes with StatReloader
INFO 2026-02-05 19:34:13,266 autoreload Watching for file changes with StatReloader
INFO 2026-02-05 19:35:25,886 autoreload Watching for file changes with StatReloader
INFO 2026-02-05 19:36:56,618 autoreload C:\Users\shona\PycharmProjects\Crmtizim\config\settings\base.py changed, reloading.
INFO 2026-02-05 19:36:56,860 autoreload C:\Users\shona\PycharmProjects\Crmtizim\config\settings\base.py changed, reloading.
INFO 2026-02-05 19:36:57,102 autoreload C:\Users\shona\PycharmProjects\Crmtizim\config\settings\base.py changed, reloading.
INFO 2026-02-05 19:36:57,980 autoreload Watching for file changes with StatReloader
INFO 2026-02-05 19:36:58,130 autoreload Watching for file changes with StatReloader
INFO 2026-02-05 19:36:58,316 autoreload Watching for file changes with StatReloader
INFO 2026-02-05 19:37:10,084 autoreload Watching for file changes with StatReloader
INFO 2026-02-05 19:37:14,883 log "GET / HTTP/1.1" 302 0
INFO 2026-02-05 19:37:14,904 log "GET /login/?next=/ HTTP/1.1" 200 5409
WARNING 2026-02-05 19:37:19,450 log "GET /favicon.ico HTTP/1.1" 404 10093
INFO 2026-02-05 19:37:21,772 log "POST /login/?next=/ HTTP/1.1" 302 0
INFO 2026-02-05 19:37:21,867 log "GET / HTTP/1.1" 200 36876
INFO 2026-02-05 19:37:21,902 log "GET /static/css/style.css HTTP/1.1" 200 34560
INFO 2026-02-05 19:37:37,643 log "GET /login/?next=/ HTTP/1.1" 200 5409
INFO 2026-02-05 19:37:47,675 log "POST /login/?next=/ HTTP/1.1" 302 0
INFO 2026-02-05 19:37:47,729 log "GET / HTTP/1.1" 200 23976
INFO 2026-02-05 19:37:54,979 log "GET /users/ HTTP/1.1" 200 102204
INFO 2026-02-05 19:37:59,499 log "GET /automation/templates/ HTTP/1.1" 200 18725
INFO 2026-02-05 19:38:00,907 log "GET /users/ HTTP/1.1" 200 102204
INFO 2026-02-05 19:38:02,890 log "GET /automation/templates/ HTTP/1.1" 200 18725
INFO 2026-02-05 19:38:03,985 log "GET /crm/pipeline/ HTTP/1.1" 200 20490
INFO 2026-02-05 19:38:05,473 log "GET /crm/stages/ HTTP/1.1" 200 19549
INFO 2026-02-05 19:38:06,985 log "GET /crm/sources/ HTTP/1.1" 200 17813
INFO 2026-02-05 19:38:08,287 log "GET /groups/ HTTP/1.1" 200 36346
INFO 2026-02-05 19:38:09,618 log "GET /courses/ HTTP/1.1" 200 17986
INFO 2026-02-05 19:38:12,120 log "GET /rooms/ HTTP/1.1" 200 17939
INFO 2026-02-05 19:38:13,467 log "GET /edu/materials/ HTTP/1.1" 200 22288
INFO 2026-02-05 19:38:16,044 log "GET /operations/lessons/ HTTP/1.1" 200 33550
INFO 2026-02-05 19:38:19,910 log "GET /operations/schedule/ HTTP/1.1" 200 67869
INFO 2026-02-05 19:42:40,982 autoreload Watching for file changes with StatReloader
INFO 2026-02-05 19:42:44,144 log "GET / HTTP/1.1" 200 23976
WARNING 2026-02-05 19:44:34,409 services Notification template not found: PAYMENT_RECEIVED
WARNING 2026-02-05 19:44:34,426 services Notification template not found: PAYMENT_RECEIVED
WARNING 2026-02-05 19:44:34,430 services Notification template not found: PAYMENT_RECEIVED
WARNING 2026-02-05 19:44:34,446 services Notification template not found: PAYMENT_RECEIVED
WARNING 2026-02-05 19:44:34,455 services Notification template not found: PAYMENT_RECEIVED_PARENT
INFO 2026-02-05 19:44:57,667 autoreload Watching for file changes with StatReloader
